time,ax (m/s^2),ay (m/s^2),az (m/s^2),aT (m/s^2)
0.009611,0.0074,0.0806,-0.1594,0.18
0.009812,-0.0028,0.0456,-0.1456,0.15
0.026011,-0.0664,0.0585,-0.0193,0.09
0.031896,0.0406,0.0006,0.0252,0.05
0.044593,0.0274,-0.0211,-0.0552,0.07
0.068541,-0.0793,0.0457,-0.2435,0.26
0.068754,-0.0862,0.0531,-0.2615,0.28
0.077943,-0.0786,0.0562,-0.3022,0.32
0.079113,-0.0589,0.0763,-0.2695,0.29
0.095446,-0.1016,0.2030,-0.1890,0.30
0.103116,-0.1950,0.2638,-0.1969,0.38
0.111525,-0.3057,0.2998,-0.0198,0.43
0.119547,-0.2920,0.3105,0.0579,0.43
0.135615,-0.0955,0.1865,0.1309,0.25
0.145294,-0.0786,0.1173,0.1582,0.21
0.151797,-0.1525,0.0502,0.0749,0.18
0.162423,-0.2234,0.0139,0.0104,0.22
0.180599,-0.2697,0.1164,-0.0026,0.29
0.183847,-0.3053,0.1929,-0.0118,0.36
0.197488,-0.1194,0.2004,-0.0001,0.23
0.200026,0.0956,0.2254,-0.1113,0.27
0.213361,0.1699,0.4641,0.0062,0.49
0.228049,0.4325,0.3063,-0.1675,0.56
0.232255,0.4261,0.6146,0.0005,0.75
0.244578,0.4437,0.5149,-0.1888,0.71
0.262301,0.7112,0.2784,-0.5849,0.96
0.264095,0.6195,0.1936,-0.4657,0.80
0.280459,0.6005,0.5173,0.1106,0.80
0.280778,0.7421,0.3802,0.1881,0.85
0.297077,0.4423,0.4511,0.4430,0.77
0.304526,0.0654,0.4097,1.0530,1.13
0.312612,-0.1824,0.4563,1.1522,1.25
0.320539,-0.1536,0.4893,1.2686,1.37
0.336230,0.0710,0.3690,1.4853,1.53
0.344770,0.2341,-0.0095,1.7304,1.75
0.352493,0.3927,-0.4319,1.9005,1.99
0.362489,0.3749,-0.8570,2.0070,2.21
0.379870,0.3623,-0.6269,2.3252,2.44
0.384665,0.2749,-0.4592,2.3209,2.38
0.396518,0.1625,-0.2118,2.0290,2.05
0.400700,0.2472,-0.2757,1.5862,1.63
0.412528,0.3304,-0.0446,1.0475,1.10
0.429845,0.2937,0.4631,-0.3281,0.64
0.432994,0.3164,0.4441,-0.7258,0.91
0.445212,0.4805,0.2994,-0.8520,1.02
0.460714,0.7027,-0.1830,-0.7671,1.06
0.465045,1.1448,-0.6663,-0.7135,1.50
0.477077,1.4333,-1.1248,-0.2262,1.84
0.481466,1.5703,-1.3949,0.2414,2.11
0.496305,1.4092,-1.4210,0.5471,2.07
0.513539,1.7006,-1.1051,0.2562,2.04
0.513869,1.6113,-0.6413,-0.1450,1.74
0.527386,2.1128,-0.0584,-0.9085,2.30
0.529359,3.4136,1.0951,-1.6648,3.95
0.545435,3.9712,4.2219,-2.4512,6.29
0.553068,3.2067,4.5317,-2.3400,6.02
0.561539,3.4901,3.4521,-1.9306,5.27
0.569226,3.5807,2.7135,-0.2993,4.50
0.585645,3.0659,2.7969,4.0736,5.82
0.597741,1.0839,3.3416,4.8210,5.97
0.601786,-0.8853,2.8210,4.1471,5.09
0.613736,-2.4974,1.3492,2.4628,3.76
0.630236,-3.4606,-1.1699,1.6231,4.00
0.633615,-3.8624,-2.3419,1.4660,4.75
0.648055,-4.5115,-3.0413,1.4102,5.62
0.649936,-4.6568,-2.9499,0.3291,5.52
0.664245,-4.6128,-2.6267,-0.6993,5.35
0.680744,-4.7037,-1.4222,-0.8359,4.98
0.682033,-4.6192,-1.4216,-0.3191,4.84
0.695330,-4.2670,-1.6410,0.0688,4.57
0.711447,-2.5750,-2.7604,0.0906,3.78
0.713785,-1.3782,-3.4610,-0.0326,3.73
0.728303,-0.4875,-3.5202,0.0617,3.55
0.733464,-0.8405,-2.0087,0.5076,2.24
0.743982,-1.3329,-0.6509,0.5205,1.57
0.769945,-2.4501,1.6985,-0.0292,2.98
0.785772,0.2546,1.3210,1.6994,2.17
0.793976,2.2395,0.4915,2.0890,3.10
0.801720,3.2537,0.1401,1.7824,3.71
0.810670,3.1056,0.2247,0.8062,3.22
0.828284,0.5023,1.5201,-0.6205,1.72
0.834208,0.2882,1.8429,-0.5343,1.94
0.844506,0.2566,2.2440,-0.5076,2.31
0.850590,0.2729,2.4597,-0.6421,2.56
0.861246,0.2793,2.6830,-0.5921,2.76
0.879097,-0.0044,2.9348,0.2756,2.95
0.882180,-0.4039,2.7581,1.4181,3.13
0.894476,-0.5903,2.4387,2.2154,3.35
0.911542,-0.8150,1.9696,2.2733,3.12
0.914382,-0.9919,1.8893,1.9272,2.88
0.927873,-1.2899,1.9977,1.2425,2.68
0.930623,-1.4685,2.2836,0.2355,2.73
0.943997,-1.4998,2.7216,-0.9851,3.26
0.961847,-1.2577,3.1598,-1.3570,3.66
0.962618,-1.5113,3.1091,-0.1279,3.46
0.978921,-1.8363,2.7489,0.8652,3.42
0.995198,-2.2528,1.6236,0.8070,2.89
0.995563,-2.3437,1.5070,-0.1570,2.79
1.002853,-1.9178,1.4591,-1.3127,2.74
1.011666,-1.8277,1.6332,-1.9994,3.16
1.026964,-2.0073,1.7226,-1.9273,3.27
1.035433,-2.1106,1.2966,-1.2258,2.76
1.044159,-2.1772,0.4834,-0.3672,2.26
1.051080,-2.1707,-0.3964,0.5430,2.27
1.061865,-2.1969,-1.6013,1.8772,3.30
1.079417,-2.2540,-3.5234,2.1749,4.71
1.083120,-2.2383,-4.0284,1.2329,4.77
1.096674,-1.8750,-4.5028,0.4918,4.90
1.113012,-1.2004,-5.2442,0.1157,5.38
1.115392,-1.1818,-5.0907,0.5149,5.25
1.128455,-1.0047,-4.7313,1.9576,5.22
1.131355,-0.3164,-4.8269,3.7714,6.13
1.144029,0.7370,-5.2505,5.6149,7.72
1.161089,2.6711,-6.0679,4.8148,8.19
1.163136,3.1076,-5.7872,2.5147,7.03
1.176457,3.6504,-5.2159,1.1656,6.47
1.194097,5.3578,-3.5462,-0.8304,6.48
1.195517,6.3060,-3.0030,-1.4636,7.14
1.212102,6.1623,-2.4652,-0.2927,6.64
1.212408,5.3214,-2.4034,1.0556,5.93
1.228464,2.5941,-2.4725,0.4891,3.62
1.235839,1.3865,-2.1347,-0.7651,2.66
1.244080,0.7332,-1.8630,-1.2812,2.38
1.252531,0.3468,-2.0154,-1.2651,2.40
1.260451,-0.3138,-2.4343,-1.3976,2.82
1.276926,-1.5088,-2.8075,-1.9078,3.71
1.284569,-1.8559,-2.6043,-2.3341,3.96
1.293661,-2.0591,-2.3265,-2.7146,4.13
1.300492,-2.1068,-1.8714,-3.0056,4.12
1.311847,-1.7687,-1.2865,-3.4569,4.09
1.328195,-1.0029,0.5323,-4.6752,4.81
1.332451,-0.8328,1.2503,-4.8850,5.11
1.344318,-0.5409,1.9020,-5.1673,5.53
1.360644,0.1592,3.1357,-5.3953,6.24
1.364485,0.3571,3.6720,-5.3711,6.52
1.377543,0.3977,4.0700,-5.1993,6.61
1.380544,0.3720,4.3462,-4.9710,6.61
1.394338,0.3207,4.4673,-4.6290,6.44
1.410765,-0.1111,4.4443,-3.8118,5.86
1.416778,-0.2607,4.3006,-3.5164,5.56
1.427024,-0.4471,4.2109,-3.2833,5.36
1.432472,-0.5763,4.1708,-3.2334,5.31
1.453560,-0.6921,4.1197,-3.4772,5.44
1.453810,-0.5179,4.0981,-3.8330,5.64
1.462018,-0.9021,4.6766,-2.6861,5.47
1.477018,-1.2034,4.6700,-0.8471,4.90
1.484579,-0.9781,4.7231,0.4105,4.84
1.493526,-0.4226,4.9353,2.2551,5.44
1.500660,0.2166,5.1833,5.2591,7.39
1.510733,0.6210,5.2776,8.2901,9.85
1.528374,1.5193,4.3215,10.0724,11.07
1.532968,1.9992,3.5215,9.1795,10.03
1.545101,2.1739,2.8165,7.8376,8.61
1.561623,2.0058,1.4964,3.2513,4.10
1.564983,2.0117,0.7580,0.5354,2.22
1.576821,1.8620,-0.0594,-1.9775,2.72
1.581181,1.5160,-0.5487,-3.1861,3.57
1.593807,1.2967,-0.6882,-3.7383,4.02
1.612150,2.5198,-0.7042,-0.3875,2.64
1.613416,3.2729,-1.3314,2.2864,4.21
1.629298,3.6115,-2.0511,4.3386,6.01
1.644754,2.8159,-5.0113,6.8298,8.93
1.645588,2.0489,-6.5134,4.3054,8.07
1.660437,1.8209,-7.9012,-0.8084,8.15
1.661493,2.0158,-8.1825,-4.7350,9.67
1.677555,3.0175,-6.3004,-3.2886,7.72
1.685490,2.8036,-4.8845,0.1785,5.63
1.694237,1.5947,-3.3633,6.1635,7.20
1.701588,0.3976,-2.7010,6.9579,7.47
1.711123,-0.7672,-2.1999,1.5363,2.79
1.728358,-1.1743,-3.1570,-4.5696,5.68
1.733889,-0.5441,-4.6666,-5.5279,7.25
1.744301,-0.6598,-5.8711,-5.3249,7.95
1.760943,-2.2088,-6.6579,-4.2416,8.20
1.765768,-3.8385,-6.0018,-3.8687,8.11
1.777332,-5.1357,-4.9363,-3.6756,8.02
1.781962,-5.4902,-4.1015,-3.5714,7.73
1.793956,-4.7928,-3.5588,-3.3257,6.83
1.811503,-2.5511,-3.7066,-2.1221,4.97
1.813917,-2.0923,-3.7190,-0.8590,4.35
1.829653,-2.0431,-3.7883,0.8032,4.38
1.830269,-2.4764,-4.1487,2.4092,5.40
1.846044,-2.6710,-4.4020,2.6407,5.79
1.863578,-1.9635,-3.7219,0.6991,4.27
1.863944,-1.5137,-2.9766,-0.0355,3.34
1.877255,-1.0616,-2.1705,-0.4673,2.46
1.886279,-1.0674,0.1303,-0.9415,1.43
1.896241,-1.0542,1.2512,-1.0639,1.95
1.902455,-0.9264,2.0207,-1.1299,2.49
1.912111,-0.8334,2.7278,-1.2103,3.10
1.928351,-0.5862,3.4571,-1.5471,3.83
1.934427,-0.3934,3.5050,-1.7959,3.96
1.945440,-0.2114,3.4066,-1.9670,3.94
1.950392,-0.1549,3.1149,-2.0582,3.74
1.960185,-0.1890,2.8240,-2.0220,3.48
1.976539,-0.2031,2.3380,-1.8010,2.96
1.982772,-0.1840,2.1826,-1.5829,2.70
1.993018,-0.2227,2.1264,-1.2372,2.47
2.010806,-0.6073,2.5092,0.3397,2.60
2.017521,-0.9506,2.9739,1.6179,3.52
2.031417,-1.3927,3.7427,2.8854,4.93
2.032321,-1.6870,4.4876,3.1438,5.73
2.056104,-1.5892,4.9613,2.6819,5.86
2.056462,-1.2376,5.3514,1.9690,5.83
2.065198,-0.5981,5.6431,2.2400,6.10
2.076298,-0.0245,5.3119,3.4823,6.35
2.092548,1.5515,4.1563,3.9959,5.97
2.094714,2.4450,3.4644,2.9630,5.17
2.109345,3.3917,3.0449,3.4208,5.70
2.110639,2.9773,3.3891,3.3546,5.62
2.127082,0.3145,4.1146,-0.0365,4.13
2.134978,-1.3816,4.0700,-2.2341,4.84
2.143167,-2.7118,3.4646,-3.9714,5.93
2.150945,-3.3335,2.4521,-4.4371,6.07
2.167219,-3.3984,0.5202,-3.4005,4.84
2.176014,-3.1423,-0.3597,-2.8953,4.29
2.183694,-2.7646,-1.1617,-2.5654,3.95
2.192497,-2.6649,-1.7017,-0.2889,3.18
2.209205,-1.5557,-3.4723,16.5423,16.97
2.215790,0.2738,-3.7229,8.1552,8.97
2.227228,1.3008,-2.8372,1.5549,3.49
2.231689,0.9295,-1.5468,1.6238,2.43
2.243782,-0.0054,-1.1438,3.0287,3.24
2.260286,0.9289,-2.0008,3.4039,4.06
2.263974,1.4692,-3.0742,2.8018,4.41
2.276648,1.9292,-4.2967,1.9610,5.10
2.293278,3.0566,-8.0137,1.0482,8.64
2.295999,2.7229,-9.3277,0.6591,9.74
2.310260,2.4240,-10.9616,-0.2508,11.23
2.311735,1.8643,-12.3202,-0.7352,12.48
2.334999,1.5557,-13.0551,-0.5408,13.16
2.335325,1.4404,-11.2139,0.7978,11.33
2.346562,0.6816,-8.3651,0.7272,8.42
2.352023,-0.3733,-2.5588,-1.7463,3.12
2.365974,-0.2010,-0.5903,-2.6637,2.74
2.379591,0.4436,0.8064,-3.7223,3.83
2.384013,0.0393,0.6099,-3.7602,3.81
2.394195,-0.3638,0.0395,-3.2441,3.26
2.411785,-1.2227,-1.8456,-2.0140,2.99
2.416486,-1.6990,-2.1909,-1.8372,3.33
2.428405,-2.1553,-2.1527,-1.6093,3.45
2.432135,-2.2618,-1.8006,-1.6479,3.33
2.442872,-1.9239,-1.2097,-1.9813,3.01
2.459244,-1.1378,0.4038,-2.5255,2.80
2.464368,-0.9931,1.4770,-2.8143,3.33
2.477204,-0.9094,2.2748,-3.0292,3.90
2.480475,-0.7835,3.0484,-3.3452,4.59
2.492626,-0.5603,3.4627,-3.6222,5.04
2.509325,0.1085,3.6820,-4.5485,5.85
2.512660,0.1865,3.6662,-5.0283,6.23
2.526561,0.2597,3.4987,-5.4716,6.50
2.543506,0.0943,3.0197,-5.1323,5.96
2.544904,-0.1000,2.8940,-4.6805,5.50
2.560648,-0.3103,2.8957,-4.3312,5.22
2.560988,-0.4664,2.8108,-3.9108,4.84
2.577014,-0.3152,2.8094,-3.1270,4.22
2.585117,0.1874,3.0760,-2.8739,4.21
2.594265,0.5916,3.3913,-2.7079,4.38
2.601264,0.6851,3.8708,-2.4912,4.65
2.615634,0.6156,4.2457,-2.2817,4.86
2.627197,1.4505,4.4521,2.6060,5.36
2.632896,3.5335,3.3658,5.9986,7.73
2.649011,5.3713,2.2098,7.2960,9.33
2.667932,5.6264,1.5824,5.8334,8.26
2.668145,5.1940,1.3087,4.8569,7.23
2.677966,4.3170,1.1518,3.5533,5.71
2.680840,3.3152,1.1222,0.8684,3.61
2.691895,2.5747,1.0661,-0.6070,2.85
2.708232,1.8673,1.4815,0.7057,2.49
2.713141,1.8210,1.6816,1.3509,2.82
2.724979,1.5310,1.3509,2.1670,2.98
2.742385,0.1238,-0.6993,3.8031,3.87
2.745212,-0.5543,-2.0196,3.2405,3.86
2.759951,-0.9074,-3.7111,2.1060,4.36
2.761317,-0.8488,-5.5544,0.7915,5.67
2.775667,-0.5897,-7.0051,-0.3543,7.04
2.791997,0.2271,-10.3130,-2.4470,10.60
2.793412,0.5728,-10.5584,-2.7458,10.92
2.801599,1.2257,-8.6892,-2.6714,9.17
2.817651,1.4571,-3.1844,-2.7559,4.46
2.826101,1.1515,-1.3609,-2.8505,3.36
2.833631,0.7369,-0.1311,-2.8583,2.95
2.843652,0.2832,0.1518,-2.2204,2.24
2.859595,-0.5300,-1.9982,-1.8185,2.75
2.865850,-1.0257,-3.9732,-1.9013,4.52
2.876448,-1.2177,-6.4809,-1.8222,6.84
2.881849,-1.2312,-8.0572,-1.4723,8.28
2.892612,-1.6950,-9.0183,-0.9693,9.23
2.909329,-4.2088,-7.2469,0.7287,8.41
2.913903,-4.6640,-4.5453,1.4466,6.67
2.926467,-4.2582,-2.3854,1.5029,5.11
2.930270,-3.6931,-0.5429,1.0984,3.89
2.943619,-3.2786,0.4201,0.5436,3.35
2.959371,-2.3780,0.8156,-0.4099,2.55
2.962232,-1.9622,0.7765,-0.7596,2.24
2.976638,-1.5322,0.6759,-1.0295,1.97
2.992552,-0.7932,0.5065,-1.3429,1.64
2.994270,-0.3939,0.5423,-1.6675,1.80
3.009592,-0.2012,0.7620,-1.8560,2.02
3.010611,-0.1844,1.1177,-2.0729,2.36
3.027859,-0.3717,1.5261,-2.1764,2.68
3.034662,-0.6449,1.9387,-2.2091,3.01
3.043456,-0.5127,1.9391,-2.2135,2.99
3.050510,-0.3310,1.8124,-2.2122,2.88
3.066598,-0.0137,1.4234,-2.1256,2.56
3.076759,0.0901,1.2660,-2.0250,2.39
3.082478,0.1304,1.1922,-1.8801,2.23
3.092369,0.1247,1.1658,-1.6724,2.04
3.109385,0.0246,1.1669,-1.2842,1.74
3.114607,-0.0275,1.0725,-1.1817,1.60
3.125451,-0.0766,0.9019,-1.0376,1.38
3.130810,-0.4221,0.6775,-0.2210,0.83
3.142286,-0.8962,0.4979,0.9830,1.42
3.159943,-2.2206,0.9313,4.3224,4.95
3.163143,-2.7331,1.4982,5.4013,6.24
3.175941,-3.0471,2.3011,5.6168,6.79
3.192394,-2.3908,3.4290,4.0449,5.82
3.195149,-1.7015,3.7625,3.3095,5.29
3.215826,-1.2022,3.7433,3.1814,5.06
3.216284,-0.2904,3.3415,3.6982,4.99
3.231722,0.6946,3.0363,4.3970,5.39
3.231997,1.8488,2.9716,5.2802,6.33
3.253036,2.9016,3.3763,3.2996,5.54
3.253386,3.2966,3.9526,0.7718,5.20
3.261577,2.4715,4.3194,-2.9369,5.78
3.275374,1.4652,3.2226,-2.8489,4.54
3.282990,1.1000,2.8177,-2.5682,3.97
3.291484,-0.0029,2.4861,-2.2927,3.38
3.308838,-1.4066,1.4499,-0.2493,2.04
3.315752,-1.2637,0.9131,2.1883,2.69
3.324534,-1.0250,0.7735,5.5212,5.67
3.331648,-1.1109,0.9214,6.1482,6.32
3.341143,-1.1871,1.0787,4.1237,4.42
3.358346,-1.3734,1.0673,-0.9974,2.01
3.363589,-1.2595,0.6822,-2.1183,2.56
3.376484,-1.2359,0.0313,-2.2921,2.60
3.392070,-0.6368,-1.7710,-1.8117,2.61
3.395910,-0.3943,-2.8591,-1.3372,3.18
3.408633,0.0061,-4.2145,0.7554,4.28
3.411747,0.7992,-5.5784,5.5926,7.94
3.425336,1.1395,-6.0569,7.4946,9.70
3.441668,1.4642,-5.8340,2.3370,6.45
3.444204,0.9618,-6.1345,0.5636,6.23
3.459099,1.5778,-7.3337,0.2968,7.51
3.460062,3.0446,-8.4654,1.0497,9.06
3.476940,4.6279,-9.1493,2.1906,10.48
3.484330,5.5010,-8.1365,-1.2210,9.90
3.493123,5.0359,-6.8288,-1.8741,8.69
3.500595,3.7812,-5.3621,-1.4090,6.71
3.516375,1.7664,-3.0546,-0.2203,3.54
3.524820,1.2899,-2.7316,-0.6108,3.08
3.532592,1.0258,-3.1397,-1.1487,3.50
3.541150,0.7378,-3.7334,-1.5658,4.12
3.558027,0.6579,-4.9764,-2.2548,5.50
3.564333,0.2249,-5.2028,-2.1316,5.63
3.576057,-0.3970,-4.9237,-1.9273,5.30
3.580458,-1.3317,-4.2403,-1.8699,4.82
3.592854,-2.0503,-3.2668,-2.0464,4.37
3.608701,-2.2916,-1.3195,-2.9032,3.93
3.612452,-1.9856,-0.4622,-3.4437,4.00
3.626672,-1.5500,0.4913,-4.0737,4.39
3.644943,-0.7174,1.6814,-4.6139,4.96
3.645240,-0.0815,1.9584,-4.6263,5.02
3.660053,0.3061,2.1291,-4.4511,4.94
3.660876,0.2816,2.3515,-4.0006,4.65
3.675571,0.0299,2.7269,-3.3506,4.32
3.691652,0.0653,3.7559,-2.1980,4.35
3.693070,0.2559,4.2050,-1.9382,4.64
3.708052,0.5362,4.8212,-1.7658,5.16
3.716742,0.6346,5.6396,-1.7494,5.94
3.725136,0.4371,5.7959,-2.1953,6.21
3.733127,0.1780,5.8885,-2.8147,6.53
3.741413,-0.1627,6.0315,-3.4816,6.97
3.758578,-0.4125,6.1176,-2.4072,6.59
3.764907,-0.4283,6.1329,-1.2768,6.28
3.774838,-0.4733,6.3899,-0.1923,6.41
3.781237,-0.7650,7.0538,0.9025,7.15
3.791602,-1.1872,7.6051,1.6737,7.88
3.807128,-1.7194,7.1272,1.3732,7.46
3.813375,-1.8347,6.0291,0.8461,6.36
3.835445,-2.0998,4.3647,0.1171,4.84
3.835769,-1.9650,2.7481,-0.4394,3.41
3.845632,-0.2310,-1.3403,-0.5229,1.46
3.857692,1.0942,-2.8392,0.0234,3.04
3.861224,2.7215,-3.8503,0.8489,4.79
3.873933,3.8807,-3.8459,1.4223,5.65
3.890841,4.9906,-0.7180,2.8159,5.78
3.893359,5.1069,1.1856,4.1927,6.71
3.907579,5.1232,3.5400,6.3775,8.91
3.925130,7.1101,4.1990,9.5245,12.61
3.925953,8.0355,2.2110,8.2041,11.69
3.933684,7.6294,0.4883,6.1032,9.78
3.941922,5.3251,-0.7050,1.8988,5.70
3.958681,0.7040,-3.7361,-3.7736,5.36
3.965812,0.8323,-5.1885,-3.1380,6.12
3.975602,0.9968,-7.2920,-0.5069,7.38
3.981794,0.0970,-9.0231,-1.4919,9.15
3.991028,-0.5775,-9.0376,-5.7197,10.71
4.007699,0.5106,-11.8967,-6.0842,13.37
4.013680,0.8503,-13.5699,-5.0104,14.49
4.031850,-0.9673,-11.5899,-3.8107,12.24
4.032190,-3.0349,-8.6569,-3.4045,9.78
4.049214,-4.8874,-5.5297,-3.4725,8.16
4.058144,-6.4275,0.6464,1.1066,6.55
4.062004,-6.2794,1.4319,0.3153,6.45
4.074578,-6.5489,0.1936,-1.5370,6.73
4.091250,-5.6852,-3.9550,-2.4723,7.35
4.093817,-3.5960,-6.1996,-1.7932,7.39
4.107394,-1.3456,-8.2826,-1.1224,8.47
4.123762,0.3572,-8.4011,0.2116,8.41
4.126018,0.5462,-6.4177,0.5712,6.47
4.140507,0.5629,-3.7509,0.7583,3.87
4.142115,0.1706,-1.3628,0.5884,1.49
4.156611,-0.4948,0.0543,0.4102,0.64
4.166642,-1.3618,1.7843,-0.2935,2.26
4.175581,-1.5717,2.4300,-0.5967,2.95
4.182707,-1.4647,2.7874,-0.7582,3.24
4.191119,-1.1075,2.8479,-0.9353,3.20
4.207574,-0.2594,2.1312,-0.8519,2.31
4.214577,-0.3101,1.6414,-0.6537,1.79
4.224433,-0.5826,1.2999,-0.3656,1.47
4.230765,-0.9480,1.0658,-0.1469,1.43
4.240508,-1.4057,1.0343,-0.1562,1.75
4.257363,-1.9820,1.1875,-0.3854,2.34
4.263153,-2.0376,1.3901,-0.6018,2.54
4.273977,-2.0146,1.8026,-0.8329,2.83
4.291115,-1.7787,2.4264,-0.4509,3.04
4.294984,-1.1871,2.5854,-0.0732,2.85
4.307476,-0.5247,2.6752,0.3611,2.75
4.311065,0.1081,2.8927,1.1478,3.11
4.324472,0.4613,3.3427,2.1570,4.00
4.341029,0.5171,4.4288,4.0983,6.06
4.343665,0.5378,4.8609,4.1466,6.41
4.357678,0.7349,5.2663,2.9065,6.06
4.365760,0.9946,5.4564,0.9220,5.62
4.374138,1.1944,5.5660,-0.3752,5.71
4.381087,1.0744,5.6985,-0.8515,5.86
4.401138,0.6396,5.2837,-1.7761,5.61
4.401416,0.8842,4.3463,-1.4184,4.66
4.410025,1.0912,3.1214,-0.2526,3.32
4.423867,0.5908,0.1817,3.7201,3.77
4.431413,0.0917,-1.2115,4.6834,4.84
4.440513,-0.3364,-2.1179,4.1491,4.67
4.457835,-1.9407,-2.3102,1.5641,3.40
4.463725,-2.8434,-1.3413,0.2778,3.16
4.474251,-3.6368,0.0316,-1.2864,3.86
4.490870,-4.1315,2.0239,-2.0501,5.04
4.496007,-3.9677,2.4467,-2.4234,5.25
4.507184,-3.6807,2.4168,-2.5691,5.10
4.511785,-3.1821,1.6134,-2.3044,4.25
4.523853,-2.9271,0.1083,-1.9567,3.52
4.540824,-2.9605,-4.2623,-0.9892,5.28
4.544437,-2.8563,-5.9212,-0.3445,6.58
4.558018,-2.6765,-7.6725,1.0336,8.19
4.560190,-2.0512,-8.6432,3.5101,9.55
4.575018,-0.5802,-8.6852,6.2514,10.72
4.591701,2.1086,-7.4044,3.3517,8.40
4.592261,3.3601,-6.6751,0.8243,7.52
4.608668,4.2225,-6.5942,0.5224,7.85
4.616609,6.0528,-7.0890,2.5590,9.67
4.626689,6.7314,-7.6027,3.2993,10.68
4.632406,7.3312,-7.6569,4.1180,11.37
4.642496,7.4206,-7.1356,3.3985,10.84
4.659436,3.4627,-3.1978,-0.3580,4.73
4.665749,1.1786,-1.7469,-2.7203,3.44
4.675085,-0.2854,-0.3194,-4.0693,4.09
4.680182,-1.1084,0.5360,-4.0738,4.26
4.691831,-1.9693,1.2602,-3.9409,4.58
4.706561,-3.3726,1.0963,-2.6334,4.42
4.712295,-3.8272,0.4008,-2.2487,4.46
4.722691,-3.6583,-0.0424,-2.0199,4.18
4.739891,-2.8380,-0.2613,-1.6694,3.30
4.744975,-2.2094,-0.0027,-2.1090,3.05
4.758358,-1.8733,0.5274,-2.5698,3.22
4.760681,-1.5935,1.1668,-3.2346,3.79
4.774061,-1.2332,1.9682,-4.1421,4.75
4.791651,-1.0137,3.2039,-5.5274,6.47
4.792826,-1.0706,3.6607,-6.1484,7.24
4.807086,-0.8853,3.8852,-6.3762,7.52
4.823947,-0.8281,3.8798,-5.8844,7.10
4.825071,-0.8270,3.7127,-5.3376,6.55
4.841282,-0.6041,3.6131,-4.7808,6.02
4.841669,-0.4902,3.6525,-4.4502,5.78
4.864130,-0.2126,3.8649,-3.9583,5.54
4.865640,0.0623,3.8925,-3.7112,5.38
4.874209,0.3307,3.9443,-3.4584,5.26
4.881152,0.5328,3.9834,-3.2423,5.16
4.898435,0.6804,4.1638,-3.0197,5.19
4.907860,0.6606,4.6936,-2.4620,5.34
4.912977,0.6978,4.7448,-2.1733,5.27
4.922910,0.8555,4.4859,-1.7936,4.91
4.939396,4.0261,3.2638,10.3438,11.57
4.945671,5.6206,2.6160,12.1346,13.63
4.956411,5.3277,2.3929,9.4210,11.08
4.961245,4.6550,2.1242,6.6283,8.37
4.973151,3.5159,1.9084,3.9162,5.60
4.990178,0.2717,2.1990,0.9540,2.41
4.993457,-0.1376,1.7689,3.5437,3.96
5.007144,-0.2993,0.7542,6.1176,6.17
5.023491,-0.1082,-0.5613,4.8148,4.85
5.025648,0.3097,-1.5527,3.1592,3.53
5.041053,0.8427,-2.6843,1.6932,3.28
5.041957,1.4072,-3.9044,0.6550,4.20
5.057178,2.0240,-4.8789,0.8984,5.36
5.065991,3.4308,-5.8582,-0.5958,6.81
5.074530,3.5212,-4.6064,-4.0323,7.06
5.082073,3.6713,-3.1673,-5.8272,7.58
5.091672,3.4761,-2.2844,-5.0749,6.56
5.107177,2.1871,-0.8502,-2.7182,3.59
5.113829,1.8851,-1.2338,-2.2659,3.20
5.123597,1.4615,-2.9220,-0.4522,3.30
5.139713,0.8874,-6.4221,-4.2051,7.73
5.146445,0.2534,-7.9915,-4.4940,9.17
5.156634,-0.6694,-9.0800,-3.4851,9.75
5.162249,-2.3706,-10.0210,-1.7479,10.44
5.179704,-3.8191,-10.2239,-0.4698,10.92
5.180103,-6.9896,-9.8613,3.6775,12.63
5.196967,-8.8232,-8.5238,7.2362,14.24
5.207726,-5.1901,-6.7761,-0.0679,8.54
5.210140,-3.0503,-5.9942,-0.9035,6.79
5.224311,-1.0031,-5.2993,-1.1009,5.50
5.240042,0.5539,-3.9418,-1.9626,4.44
5.242529,0.2226,-2.9719,-2.6475,3.99
5.256402,-0.1545,-2.0265,-2.9853,3.61
5.273737,-0.2132,-0.0546,-3.1574,3.17
5.274762,0.0878,0.9600,-3.0847,3.23
5.290328,0.2546,1.8063,-3.0697,3.57
5.290706,0.5861,2.4140,-2.8235,3.76
5.306982,0.8863,3.5409,-1.6757,4.02
5.314827,1.2536,4.0799,-0.0999,4.27
5.323361,1.7408,4.2575,1.7573,4.92
5.331136,2.1928,4.3621,2.7841,5.62
5.348094,2.8299,4.2112,3.1257,5.96
5.363204,2.3563,3.5205,2.4106,4.87
5.363673,1.4773,3.0497,2.0148,3.94
5.386854,0.6615,2.8004,1.7612,3.37
5.387200,-0.1378,2.7497,1.6335,3.20
5.395481,-1.2990,3.3071,2.1544,4.16
5.406123,-1.5673,3.7711,3.0701,5.11
5.410896,-1.7466,4.1959,3.8679,5.97
5.422368,-1.6707,4.5333,4.5007,6.60
5.438835,-1.1760,4.7592,5.9320,7.70
5.442954,-0.9620,4.6450,5.4861,7.25
5.455441,-0.1464,4.3683,2.2616,4.92
5.472392,0.8439,3.8555,-2.9533,4.93
5.475198,1.4304,3.9055,-3.7130,5.58
5.489781,1.6166,4.2866,-3.9952,6.08
5.491578,1.3929,4.8045,-3.7275,6.24
5.506985,1.2405,5.0788,-3.2278,6.14
5.515913,0.7471,4.4684,-2.0203,4.96
5.526788,0.5084,3.3032,-1.6136,3.71
5.531621,0.2834,1.2179,-1.5832,2.02
5.544959,-0.5198,-1.1199,-1.4757,1.92
5.551789,-2.2211,-2.6953,-0.8187,3.59
5.564031,-4.9814,-3.6226,1.0771,6.25
5.574720,-6.8726,-3.3141,2.0067,7.89
5.590205,-4.4608,-1.5003,2.2825,5.23
5.595521,-4.1207,-1.2493,2.0420,4.77
5.607245,-3.9903,-1.7496,2.5964,5.07
5.614849,-3.2299,-2.9773,3.9242,5.89
5.627831,-1.7763,-4.6369,5.1384,7.15
5.644150,1.5873,-6.6066,6.9389,9.71
5.644492,2.3828,-6.8765,6.9766,10.08
5.652300,3.5387,-7.4471,5.3237,9.81
5.662058,4.8804,-8.3934,2.6027,10.05
5.678730,6.1547,-9.2714,-0.3021,11.13
5.687223,7.6668,-9.2128,-2.9365,12.34
5.695505,8.1601,-7.9384,-2.9412,11.76
5.710180,8.4365,-6.5606,-1.6449,10.81
5.710493,7.8822,-4.5717,0.3335,9.12
5.723340,5.5451,-2.4640,0.9780,6.15
5.731870,2.6218,-0.0275,-0.3319,2.64
5.747982,1.6511,0.2008,-2.2177,2.77
5.756001,0.8295,-0.1618,-2.4267,2.57
5.763995,0.1013,-0.5670,-2.4150,2.48
5.772205,-0.3137,-1.1123,-2.2570,2.54
5.789142,-0.7176,-0.9254,-2.1616,2.46
5.796267,-0.6508,-0.3730,-2.4599,2.57
5.805543,-0.4635,0.1185,-2.8340,2.87
5.812238,-0.0919,0.6460,-3.1664,3.23
5.823378,0.2241,1.1308,-3.3433,3.54
5.840699,0.6304,2.0246,-3.7071,4.27
5.844397,0.7763,2.3635,-3.8120,4.55
5.864996,0.8997,2.6779,-3.9010,4.82
5.865437,1.0363,2.9311,-3.9437,5.02
5.879010,1.1095,3.2328,-4.0535,5.30
5.888840,1.1448,3.6647,-4.1718,5.67
5.892490,1.1058,3.7785,-4.1820,5.74
5.904690,1.0690,3.7143,-4.2332,5.73
5.922639,1.0720,3.1163,-4.2964,5.41
5.924585,1.0400,2.8001,-4.2027,5.16
5.940346,1.1285,2.6340,-4.0740,4.98
5.940788,1.2953,2.6326,-3.8658,4.85
5.956065,1.3853,2.8121,-3.6736,4.83
5.965188,1.0421,3.8070,-2.6640,4.76
5.973201,0.7391,4.6975,0.8199,4.83
5.981013,-0.4845,6.1020,7.5651,9.73
5.997167,-2.2000,7.1509,9.9480,12.45
6.005704,-2.7429,6.8356,6.7454,9.99
6.013160,-3.2657,6.2972,4.5150,8.41
6.023162,-3.4855,5.4067,3.5741,7.36
6.039955,-3.7797,3.3640,2.6317,5.70
6.045152,-3.5257,2.1121,1.3046,4.31
6.056032,-2.5570,0.6166,0.5825,2.69
6.061214,-1.4681,-0.6551,0.8182,1.80
6.072383,0.1895,-1.8379,1.8106,2.59
6.089897,2.6998,-2.4959,4.9478,6.16
6.093268,3.9867,-2.3163,6.4650,7.94
6.105632,5.3186,-2.3460,7.6634,9.62
6.122344,8.1010,-3.3249,9.5236,12.94
6.125469,8.9221,-4.1483,8.8741,13.25
6.139013,9.0389,-4.9933,7.5603,12.80
6.141664,8.4188,-5.6759,6.2097,11.90
6.156053,6.0609,-6.0530,3.0923,9.11
6.173729,2.2498,-6.2212,-5.1739,8.40
6.174194,1.0098,-5.1909,-6.5514,8.42
6.191049,0.3151,-3.9008,-5.2387,6.54
6.191525,-0.2444,-3.1311,-3.3941,4.62
6.206353,-0.8524,-2.0293,-2.4928,3.33
6.213929,-2.0488,-1.5742,-2.6560,3.71
6.222836,-2.6819,-2.3679,-2.7719,4.53
6.230453,-2.3075,-4.1339,-3.4833,5.88
6.245847,-3.4231,-6.1575,-5.4432,8.90
6.255866,-3.9792,-6.7412,-5.6698,9.67
6.262014,-3.7038,-6.6787,-5.4383,9.38
6.273639,-2.7785,-6.0680,-4.5468,8.08
6.290226,-0.8319,-4.1610,-2.9146,5.15
6.294114,-0.5259,-3.4499,-2.2822,4.17
6.306254,-0.3010,-2.8150,-1.9649,3.45
6.310303,0.3302,-2.3252,-2.2752,3.27
6.322725,0.8452,-1.9144,-1.5755,2.62
6.340984,1.4974,-1.7652,1.1082,2.57
6.348029,1.4587,-1.5692,2.1545,3.04
6.360728,1.2010,-1.3843,2.5706,3.16
6.361047,0.7611,-0.4340,2.5679,2.71
6.382565,0.5085,0.7010,2.2532,2.41
6.382921,0.4758,1.5758,1.8579,2.48
6.394292,0.9656,2.6106,0.6582,2.86
6.405371,1.4272,2.6463,-0.0194,3.01
6.421268,2.2934,2.1957,-1.0767,3.35
6.422433,2.6229,1.8681,-1.6034,3.60
6.430414,2.6400,1.7530,-2.0292,3.76
6.446686,1.4461,1.9047,-4.2710,4.89
6.454845,1.2022,1.8637,-4.9404,5.42
6.462722,0.5576,1.9595,-3.7019,4.23
6.471574,-0.1535,1.9708,-2.3889,3.10
6.488330,-1.2168,2.1311,-1.1325,2.70
6.494712,-1.3726,2.0744,-1.0124,2.69
6.505498,-1.7436,1.9705,-1.1676,2.88
6.510751,-1.9331,1.8075,-1.4099,3.00
6.522374,-1.9748,1.6507,-1.7933,3.14
6.537552,-2.4397,1.7589,-2.0923,3.66
6.542744,-3.0107,1.7684,-2.2484,4.15
6.554832,-3.4084,1.7329,-2.4537,4.54
6.571590,-4.2186,2.2743,-3.4321,5.89
6.575057,-5.1100,2.6295,-2.7495,6.37
6.588345,-5.5158,3.1436,-1.5031,6.52
6.591696,-5.1715,3.5233,-0.6563,6.29
6.607169,-4.5205,4.1997,-0.2104,6.17
6.622165,-4.0904,4.6174,0.5445,6.19
6.623116,-4.7315,4.0299,1.3481,6.36
6.631469,-6.3195,2.0409,10.8077,12.68
6.647809,-8.0073,-0.2878,18.8717,20.50
6.656777,-7.6559,-0.7640,15.7825,17.56
6.663347,-5.2729,-1.7916,13.6175,14.71
6.673028,-1.0972,-2.5919,12.5474,12.86
6.688823,5.6010,-2.1705,11.9358,13.36
6.695602,5.2105,-0.8523,8.9972,10.43
6.706219,3.9165,0.4296,5.6408,6.88
6.711523,4.3328,1.4601,5.3969,7.07
6.722903,4.7836,2.0425,9.0597,10.45
6.739578,2.0012,1.3743,10.5825,10.86
6.743851,0.7856,-0.4539,7.0358,7.09
6.756391,-0.9369,-2.6013,2.3593,3.63
6.772579,-3.6389,-5.5009,-2.4246,7.03
6.775805,-3.4140,-6.6092,-2.5093,7.85
6.789216,-2.6680,-7.4706,-2.1865,8.23
6.791903,-0.9642,-8.2015,-2.3232,8.58
6.805710,0.3102,-8.6277,-2.4788,8.98
6.822064,3.9093,-9.6535,-3.2600,10.91
6.823831,5.8928,-9.9820,-3.9221,12.24
6.839178,9.4905,-9.7994,-5.1824,14.59
6.840515,12.1148,-9.2104,-6.5449,16.57
6.856893,14.2133,-8.2215,-6.9213,17.82
6.880216,17.8757,-5.4773,-5.2449,19.42
6.880727,17.8893,-3.3188,1.8338,18.29
6.881070,17.9664,-2.0875,14.7640,23.35
6.895557,13.6645,-1.8588,9.9512,17.01
6.906400,7.1880,-2.5962,-1.5173,7.79
6.912216,4.6119,-3.0915,-1.8440,5.85
6.920997,3.2301,-3.6033,-1.1887,4.98
6.937392,3.4448,-4.2873,-0.5048,5.52
6.944501,4.1299,-4.3293,-0.7228,6.03
6.954185,4.3898,-3.9048,-2.4334,6.36
6.960481,4.0902,-3.2460,-3.8488,6.49
6.970662,3.6219,-2.5041,-4.8421,6.54
6.987867,2.8838,-1.0199,-5.1902,6.02
6.992481,2.6305,-0.2942,-4.8624,5.54
7.003964,2.1915,0.3166,-4.9674,5.44
7.020839,1.8250,0.8113,-4.9349,5.32
7.024459,1.2629,0.9720,-4.9764,5.23
7.038443,1.1398,1.2975,-5.1769,5.46
7.040682,0.9030,1.4950,-5.3406,5.62
7.055391,0.3515,1.6210,-5.7573,5.99
7.071657,-1.0399,1.9294,-6.1565,6.54
7.072788,-1.5550,1.9488,-6.4913,6.95
7.088124,-1.7562,1.8208,-6.2923,6.78
7.097174,-1.3568,1.5785,-6.3054,6.64
7.105264,-23.1263,1.1820,-26.8574,35.46
7.113279,11.2941,-2.7156,21.9109,24.80
7.123108,-8.2199,-2.8477,-18.1845,20.16
7.144328,0.4795,0.1960,-2.5216,2.57
7.145037,-0.4064,2.2552,-1.8169,2.92
7.160637,-1.0017,3.1733,-1.2128,3.54
7.161439,-1.1442,3.6195,0.2508,3.80
7.171379,-1.4586,3.7985,-0.2563,4.08
7.187769,-1.0827,3.6978,-1.8108,4.26
7.193213,-0.5302,3.4339,-1.0952,3.64
7.204063,-0.3388,3.3175,-1.0193,3.49
7.221043,0.0381,2.8375,0.4320,2.87
7.225261,-0.3070,2.6839,0.3012,2.72
7.237555,-0.8021,2.6463,0.5061,2.81
7.241208,-1.3048,3.4169,1.1002,3.82
7.253873,-0.4886,3.7051,1.2227,3.93
7.270849,-0.1419,3.7840,0.0145,3.79
7.273915,-0.1909,3.4728,-1.1459,3.66
7.287980,-0.8134,3.2689,-2.1404,3.99
7.304568,-1.3943,2.5468,0.0104,2.90
7.305900,-0.9119,1.2616,1.7097,2.31
7.321523,-0.8170,0.0704,2.8263,2.94
7.322175,-0.6477,-2.2255,5.1416,5.64
7.330349,-1.1792,-3.2701,6.0872,7.01
7.349406,-1.7647,-1.2980,4.8527,5.32
7.366618,-1.0597,-0.0320,3.3457,3.51
7.367024,-2.1458,2.5947,3.0030,4.51
7.388954,-1.8238,3.8791,3.1392,5.31
7.390375,-0.1578,3.1373,2.2268,3.85
7.390765,0.1193,3.0056,1.2400,3.25
7.401912,0.5454,1.7244,0.6147,1.91
7.420041,-4.8881,7.2911,12.8862,15.59
7.426032,-2.2088,8.1473,2.8095,8.90
7.437806,0.2943,5.0700,-6.2175,8.03
7.441946,2.6269,2.1888,-9.8551,10.43
7.453645,2.0936,3.6797,-2.5114,4.92
7.470717,0.4173,4.5911,-1.4118,4.82
7.474360,1.3494,3.7604,-1.7940,4.38
7.486162,1.5104,3.9471,-0.9528,4.33
7.490304,0.7436,4.1569,-0.9600,4.33
7.503621,0.8364,3.1033,-1.5605,3.57
7.519711,1.0908,1.4578,0.6018,1.92
7.522417,-0.2840,1.2854,2.8685,3.16
7.536212,-1.3717,0.9543,4.2249,4.54
7.546825,-1.9995,0.5411,5.2121,5.61
7.554755,-1.4542,0.7163,5.3888,5.63
7.562680,-0.8403,1.0866,5.7695,5.93
7.570999,-0.1254,1.2660,5.9442,6.08
7.587530,2.5152,0.5978,4.8695,5.51
7.594887,3.3345,0.0093,4.9279,5.95
7.603199,4.2057,-1.0117,5.6163,7.09
7.610746,4.8351,-2.2605,5.0910,7.38
7.620387,5.1179,-3.8573,3.6611,7.38
7.635664,5.1955,-7.2849,2.5874,9.31
7.642944,6.0047,-9.9872,2.8851,12.01
7.654532,5.9155,-11.3939,4.4370,13.58
7.676320,4.8840,-10.4507,-1.0050,11.58
7.676699,6.8735,-10.2583,-7.8540,14.63
7.688332,8.3047,-11.6268,-11.3298,18.23
7.690640,8.3940,-13.5689,-13.0123,20.59
7.705790,6.8591,-13.6714,-11.2851,19.01
7.722118,-0.4444,-4.5113,-4.5226,6.40
7.722794,-0.9151,0.2286,-2.0210,2.23
7.742900,1.5730,3.1322,5.0801,6.17
7.743165,1.2841,5.7632,4.0059,7.14
7.755587,0.2594,7.1509,1.2979,7.27
7.770624,0.5626,6.5495,-2.9726,7.21
7.771663,2.2566,4.1897,-5.2920,7.12
7.787747,2.9239,-1.4715,-6.1844,7.00
7.795367,2.2969,-4.1012,-5.7364,7.42
7.802947,1.3662,-5.7468,-5.4144,8.01
7.812276,0.4914,-6.1247,-4.9587,7.90
7.827377,-1.5535,-4.3940,-3.5396,5.85
7.835709,-1.8840,-2.8054,-2.9300,4.47
7.843574,-1.8907,-1.3094,-2.4715,3.38
7.853010,-2.0030,-0.0661,-2.2206,2.99
7.873365,-2.4906,2.1865,-1.6609,3.71
7.875576,-2.6184,3.1718,-1.5633,4.40
7.888668,-2.4119,3.7774,-1.6898,4.79
7.891250,-1.9801,3.9541,-1.8065,4.78
7.901723,-1.5647,3.5295,-1.7130,4.22
7.917787,-1.6864,1.9050,-1.1074,2.77
7.923556,-1.8255,0.9806,-0.8613,2.24
7.934456,-1.9700,0.0429,-0.6764,2.08
7.951335,-1.8177,-1.4819,-0.4275,2.38
7.956017,-1.5321,-1.9264,-0.3434,2.49
7.968747,-1.4984,-2.0018,1.0632,2.72
7.971868,-1.3696,-1.5781,5.1581,5.57
7.985584,-0.2291,-1.0415,10.5857,10.64
8.002407,2.2984,-0.0663,10.9516,11.19
8.004566,2.7378,0.3779,8.5387,8.97
8.012321,2.6900,0.6441,5.6689,6.31
8.020298,2.0249,0.8071,2.2404,3.13
8.036254,1.2249,0.7134,-3.1275,3.43
8.044594,1.1950,0.8621,-4.7201,4.94
8.054101,1.7413,1.0972,-5.7159,6.08
8.060360,1.7107,1.6395,-4.1518,4.78
8.076228,2.0441,2.4471,0.7676,3.28
8.087629,3.5705,1.9950,3.4218,5.33
8.092070,4.2962,1.7579,4.8672,6.73
8.103004,3.8247,2.0443,4.9864,6.61
8.119836,1.0102,3.0758,-2.2554,3.95
8.124198,-0.3417,3.5375,-4.0149,5.36
8.137119,-0.5659,4.0365,-3.1157,5.13
8.140441,-0.6007,4.4994,-2.4456,5.16
8.153123,-0.6556,4.9841,-2.0481,5.43
8.170534,-1.1135,5.4183,-1.8818,5.84
8.172723,-1.6940,5.1785,-1.7060,5.71
8.187145,-3.0317,4.6074,1.4025,5.69
8.203900,-4.5823,2.0711,8.5497,9.92
8.205134,-2.9659,1.5031,6.3144,7.14
8.219923,-1.1556,1.0918,2.5989,3.05
8.220611,-0.2016,1.2360,-0.3402,1.30
8.236954,-0.0497,2.2799,-3.1509,3.89
8.245174,-0.3529,2.6401,-3.2698,4.22
8.253268,-0.3411,2.5502,-3.5193,4.36
8.261221,0.1396,1.9736,-3.7684,4.26
8.277504,3.0932,-1.6250,4.2326,5.49
8.286545,2.9009,-3.1925,7.3772,8.55
8.293298,1.5200,-3.2095,6.3307,7.26
8.303099,-0.1539,-2.5161,3.4654,4.29
8.320931,-2.1948,-1.2900,0.6085,2.62
8.325302,-2.1803,-1.1243,-0.6555,2.54
8.338778,-2.2972,-1.2268,-1.4730,2.99
8.341280,-2.6488,-1.5657,-1.4728,3.41
8.361266,-3.3084,-2.3080,-0.0392,4.03
8.361698,-3.7977,-3.2732,1.3835,5.20
8.375365,-3.8267,-4.2800,0.8570,5.80
8.386807,-3.7976,-5.1101,-2.0276,6.68
8.402641,-2.5900,-5.6628,0.5659,6.25
8.405491,-0.0396,-5.7701,2.2099,6.18
8.419699,2.1136,-5.7255,2.5195,6.60
8.421667,3.1778,-5.4439,1.3969,6.46
8.436449,3.8987,-4.8379,-0.4600,6.23
8.445942,3.9954,-3.3831,-2.6925,5.89
8.454077,4.3485,-2.9588,-3.1096,6.11
8.461771,5.3091,-3.0861,-2.5490,6.65
8.470412,5.6180,-3.6587,0.2387,6.71
8.486879,3.6956,-4.8534,4.4435,7.55
8.493835,2.7140,-5.1887,2.8480,6.51
8.504195,1.7656,-4.9471,-0.8882,5.33
8.519970,0.7340,-2.9946,-3.1489,4.41
8.525706,0.7074,-1.7250,-1.2421,2.24
8.536347,0.4343,-0.9075,0.2931,1.05
8.541843,-0.3232,-0.3976,0.6351,0.82
8.553368,-0.9731,-0.2318,-0.3116,1.05
8.569754,-0.7785,0.2141,-2.4516,2.58
8.574357,-0.5209,0.5673,-2.9879,3.09
8.586858,-0.3118,0.8983,-3.2780,3.41
8.590064,-0.1659,1.3412,-3.3321,3.60
8.602550,0.0065,1.7436,-3.4233,3.84
8.619473,0.5301,3.0825,-3.8004,4.92
8.622170,0.6724,4.0266,-3.9403,5.67
8.637379,0.6398,4.8128,-4.1966,6.42
8.654534,0.9141,5.3864,-4.5174,7.09
8.655031,0.8712,5.2141,-4.7328,7.10
8.670953,0.9709,4.7163,-4.7489,6.76
8.671355,0.9042,4.1611,-4.7443,6.37
8.686496,0.3965,3.5769,-4.1279,5.48
8.694635,-0.0349,3.6318,-3.6731,5.17
8.702970,-0.5347,3.9974,-3.1668,5.13
8.710611,-0.8718,4.4295,-2.8432,5.34
8.726640,-0.7645,4.9313,-2.8518,5.75
8.737036,-0.6047,4.9196,-3.0843,5.84
8.746325,-0.6976,4.7763,-3.2688,5.83
8.764994,-0.9212,4.4933,-3.1798,5.58
8.765512,-1.3523,4.1017,-2.4132,4.95
8.787107,-1.7933,3.8585,-0.8651,4.34
8.787504,-1.7707,3.7740,1.3640,4.39
8.796503,-1.1847,4.3275,11.8789,12.70
8.807549,-0.7545,3.7184,11.7149,12.31
8.820064,-1.0744,3.0096,8.8624,9.42
8.823226,-0.9869,3.0297,7.6280,8.27
8.836081,-0.9102,3.1722,6.1312,6.96
8.852314,-1.4402,3.4379,1.7168,4.10
8.855001,-1.3858,3.2447,0.8466,3.63
8.868798,-1.0574,2.8550,-0.3814,3.07
8.871342,-0.6364,2.0758,-0.9591,2.37
8.886158,-0.0001,0.3609,-1.1471,1.20
8.903053,1.1796,-3.2045,-2.2894,4.11
8.903520,2.3236,-4.7486,-2.5475,5.87
8.911495,3.2148,-6.1023,-2.1862,7.24
8.927542,5.0178,-9.6395,-1.9889,11.05
8.936190,5.9543,-10.9549,-1.4358,12.55
8.943876,7.4960,-11.5437,4.1089,14.36
8.959892,7.5535,-10.3510,5.9256,14.12
8.960366,6.4899,-8.4315,4.2617,11.46
8.976500,4.7687,-6.9623,1.0593,8.51
8.987554,0.9740,-5.2185,-0.3254,5.32
8.991618,0.0195,-5.1602,-0.5654,5.19
9.003198,-0.9777,-5.0971,-0.7563,5.24
9.020200,-3.3136,-5.8117,0.9178,6.75
9.024164,-4.3401,-6.1901,1.3854,7.69
9.036296,-4.3343,-6.4203,0.7140,7.78
9.052566,-2.9574,-5.9915,-1.3381,6.81
9.055877,-2.2236,-5.4251,-1.6927,6.10
9.069204,-1.8582,-4.6783,-1.7869,5.34
9.071932,-1.7480,-3.9421,-1.7044,4.64
9.086539,-1.6669,-3.0526,-1.5844,3.82
9.102625,-1.2912,-1.6975,-1.4384,2.57
9.103818,-1.0175,-1.0096,-1.4387,2.03
9.126930,-0.8505,-0.4543,-1.4827,1.77
9.128150,-0.7872,0.0865,-1.5081,1.70
9.147916,-0.4579,0.5662,-1.5594,1.72
9.148390,-0.2165,0.6748,-1.4807,1.64
9.164318,-0.0759,0.8739,-1.5144,1.75
9.164893,0.0168,1.2094,-1.6422,2.04
9.186567,0.1194,1.5161,-1.7737,2.34
9.187053,0.2811,1.8993,-1.9381,2.73
9.214442,0.7017,2.4600,-2.1714,3.36
9.231794,1.0632,2.6202,-2.2681,3.62
9.242442,1.0379,1.8741,-2.3433,3.18
9.255160,1.0196,1.6820,-2.3030,3.03
9.256874,0.9334,1.5835,-2.1448,2.82
9.270520,0.8336,1.6339,-1.9586,2.68
9.287123,0.5716,1.9991,-1.3297,2.47
9.289105,0.5800,2.1411,-1.1380,2.49
9.301969,0.6143,2.2398,-0.9996,2.53
9.304504,0.5404,2.3341,-0.9121,2.56
9.317984,0.2910,2.5370,-0.3784,2.58
9.334405,-0.3844,3.1937,1.2743,3.46
9.336795,-0.7043,3.4942,2.0955,4.13
9.351243,-0.9233,3.4815,2.7029,4.50
9.361147,-0.0987,0.6159,3.5755,3.63
9.369154,0.9989,-1.8865,4.0312,4.56
9.377221,2.1488,-4.3289,5.4515,7.29
9.385376,2.8115,-5.7379,8.7236,10.81
9.401635,0.4704,-2.2288,15.3443,15.51
9.409321,-0.4642,0.5815,10.5556,10.58
9.419432,-0.2946,2.5865,1.3888,2.95
9.425385,-0.3374,3.8988,-3.3347,5.14
9.435787,-0.0594,4.7679,-3.7678,6.08
9.452467,-0.3763,5.1932,-2.7030,5.87
9.457125,-0.6516,5.1776,-2.8158,5.93
9.468456,-1.0262,4.9994,-2.9673,5.90
9.473573,-1.7487,5.0148,-3.1750,6.19
9.485705,-1.9979,4.5492,-3.2426,5.93
9.502069,-1.5644,1.5704,-2.8944,3.65
9.505713,-1.4390,0.0614,-2.7385,3.09
9.518762,-1.9132,-1.6082,-1.3244,2.83
9.535813,-3.0511,-2.7724,5.8344,7.14
9.537811,-2.6393,-2.4207,9.5957,10.24
9.553092,-2.0641,-1.3927,8.6913,9.04
9.553503,-2.1238,-0.0553,5.3207,5.73
9.570331,-2.6302,0.8784,2.4475,3.70
9.578318,-3.2118,1.7308,0.0839,3.65
9.588182,-2.7993,1.4764,0.1924,3.17
9.599894,-1.8665,0.5781,0.5989,2.04
9.608223,-1.4954,-0.2242,1.0651,1.85
9.618063,-1.1463,-1.2902,1.5428,2.31
9.636114,-0.6553,-3.2244,1.3454,3.55
9.636464,-0.5077,-3.8322,0.6570,3.92
9.647783,-0.3809,-3.9437,0.1916,3.97
9.658694,-0.1674,-3.6953,0.4209,3.72
9.670081,0.5862,-3.0732,1.1372,3.33
9.673856,1.0850,-2.8860,1.1777,3.30
9.685383,1.9040,-2.9398,1.4205,3.78
9.701613,3.7644,-3.6311,3.2566,6.16
9.706007,3.6176,-3.8999,1.7602,5.60
9.717777,3.4249,-4.2292,-0.9328,5.52
9.734500,4.4836,-5.6227,-2.1345,7.50
9.738192,5.8870,-6.6376,-1.6556,9.03
9.751628,8.1449,-7.7654,-0.3729,11.26
9.754485,9.1958,-7.9647,0.3653,12.17
9.769370,7.5345,-6.6864,-0.5592,10.09
9.785859,2.4515,-2.3422,-3.0735,4.58
9.786887,1.0981,-0.7305,-2.9396,3.22
9.802551,0.3443,0.0115,-2.2949,2.32
9.810741,-0.9142,-0.7797,-0.4381,1.28
9.819060,-1.6396,-1.5548,-0.0928,2.26
9.826768,-2.6088,-2.1407,-0.1391,3.38
9.835139,-3.1137,-2.0802,-0.5310,3.78
9.851128,-3.5399,-0.7902,-2.1047,4.19
9.858882,-3.3123,-0.0312,-2.8122,4.35
9.868291,-2.9403,0.9279,-3.0893,4.36
9.874710,-2.2168,1.5976,-3.1841,4.20
9.884542,-1.2904,2.0883,-3.2905,4.11
9.901677,-0.0549,2.6270,-3.7138,4.55
9.906936,-0.1264,3.0378,-3.4885,4.63
9.918562,-0.0220,3.2778,-3.4237,4.74
9.934680,0.4236,3.4945,-4.1399,5.43
9.938846,0.8729,3.4515,-4.6034,5.82
9.951429,1.0933,3.3673,-4.8310,5.99
9.955213,1.0156,3.1547,-4.6115,5.68
9.968280,0.8193,2.7183,-4.2629,5.12
9.984553,0.6378,1.4040,-3.5887,3.91
9.987589,0.5286,0.7599,-3.2214,3.35
10.002004,0.4598,0.4043,-3.1175,3.18
10.003958,0.3026,-0.0248,-2.9572,2.97
10.020940,-0.0245,-0.4579,-2.6699,2.71
10.035472,-0.5764,-1.1877,-1.5629,2.05
10.035965,-0.4363,-1.4275,-0.6032,1.61
10.044557,0.0629,-1.5365,0.8224,1.74
10.063831,0.5590,-0.7640,3.3907,3.52
10.077492,0.2470,0.2664,3.8135,3.83
10.077905,0.3494,1.4751,3.6841,3.98
10.089390,0.7451,3.0452,3.3377,4.58
10.101676,0.6842,5.6737,1.2895,5.86
10.107773,0.4140,6.3543,0.3066,6.38
10.117988,0.4321,6.6406,0.1629,6.66
10.123905,0.4069,6.9540,0.1888,6.97
10.134276,0.2566,7.0660,0.1445,7.07
10.151078,0.3039,6.4408,0.0032,6.45
10.155857,0.6812,5.9172,0.3229,5.97
10.168286,1.2837,4.8564,0.2938,5.03
10.184822,2.3592,2.7411,-1.4740,3.91
10.187889,2.4824,1.5217,-2.1557,3.62
10.201149,2.7013,0.6931,-2.1038,3.49
10.204138,3.1640,0.2302,-0.7237,3.25
10.217400,3.5744,0.0504,0.7630,3.66
10.233809,4.0274,-0.7783,3.4201,5.34
10.236116,4.4235,-1.6739,4.3718,6.44
10.250726,4.8968,-2.9295,4.7310,7.41
10.260867,5.0754,-5.2817,3.6661,8.19
10.268757,4.5831,-5.9982,2.3577,7.91
10.276865,3.7934,-6.3785,0.0538,7.42
10.285837,3.1918,-6.1847,-2.2583,7.32
10.302183,1.0752,-3.4486,-4.6157,5.86
10.308347,0.2038,-2.4934,-4.0568,4.77
10.318764,-0.5795,-1.5606,-3.6911,4.05
10.324514,-0.7167,-1.3540,-3.5139,3.83
10.334795,-0.2366,-2.7221,-3.6427,4.55
10.351489,1.3565,-8.6024,-4.2158,9.68
10.356478,0.3176,-11.2464,-4.0935,11.97
10.375522,-3.3238,-11.5928,-2.2719,12.27
10.375963,-6.7165,-9.8810,3.0330,12.33
10.390817,-8.1374,-7.8732,6.2910,12.95
10.403130,-6.4709,-4.9864,4.2616,9.21
10.404956,-5.1965,-3.6968,3.9376,7.49
10.423693,-4.5798,-2.6540,3.4727,6.33
10.424106,-4.4290,-1.6428,2.3534,5.28
10.434820,-3.9287,-1.0703,1.0398,4.20
10.454935,-2.4126,-0.2061,-2.1371,3.23
10.455369,-1.5804,-0.1830,-2.0130,2.57
10.481720,-0.8720,-0.2337,-1.8155,2.03
10.482176,-0.6654,0.1616,-1.7686,1.90
10.504040,-0.7058,1.3541,-1.5000,2.14
10.505199,-0.6029,1.8558,-1.5089,2.47
10.506322,-0.3646,2.2652,-1.6722,2.84
10.523475,-0.0891,2.4227,-1.8955,3.08
10.524608,0.3095,2.4878,-2.2456,3.37
10.536091,1.0299,2.0572,-2.8437,3.66
10.554112,1.4977,1.3815,-3.3598,3.93
10.557133,1.6609,0.9288,-3.4991,3.98
10.567821,1.8138,0.7100,-3.4676,3.98
10.583009,1.6475,0.4162,-2.9780,3.43
10.589252,1.4229,0.3692,-2.6416,3.02
10.599669,1.2575,0.3875,-2.4157,2.75
10.605407,1.0417,0.4512,-2.2646,2.53
10.616497,0.7627,0.4914,-1.4631,1.72
10.633209,0.3756,0.1168,1.5102,1.56
10.637510,0.1719,-0.1399,4.1006,4.11
10.650571,0.0604,-0.2163,6.8737,6.88
10.653668,0.1931,-0.1889,9.8932,9.90
10.666904,0.4988,0.1960,11.5484,11.56
10.683894,1.4014,1.2593,8.5654,8.77
10.685984,1.4004,1.5483,6.1469,6.49
10.700551,1.1146,1.7493,3.5833,4.14
10.709895,0.3216,2.1019,-0.6616,2.23
10.718385,-0.0550,2.4673,-3.3364,4.15
10.726229,-0.0493,2.6259,-4.6757,5.36
10.734855,-0.1553,3.0556,-4.1461,5.15
10.750652,-0.5500,3.7969,-2.4706,4.56
10.758347,-0.7537,3.9996,-2.2145,4.63
10.768086,-0.7574,3.9833,-2.2427,4.63
10.774339,-0.7678,3.8288,-2.2891,4.53
10.784245,-0.8337,3.4576,-2.4483,4.32
10.800734,-1.0429,2.1619,-2.4899,3.46
10.806272,-1.3342,1.6791,-2.1539,3.04
10.817019,-1.7947,1.5905,-1.0834,2.63
10.833395,-1.5401,1.9695,2.4794,3.52
10.838201,-0.9586,1.9671,5.5192,5.94
10.850285,-0.2976,1.8799,8.3230,8.54
10.859799,-0.0429,1.6811,7.5680,7.75
10.878753,-0.2515,1.4670,5.0340,5.25
10.879480,-0.7331,1.1732,2.5434,2.90
10.898725,-0.7803,0.1821,0.3869,0.89
10.899128,-1.0367,-0.3011,1.5108,1.86
10.911220,-1.3768,-0.4366,3.3599,3.66
10.923135,-1.8383,-0.0835,3.6445,4.08
10.935651,-2.6959,0.1473,0.9879,2.87
10.936001,-3.9628,0.0062,-1.2984,4.17
10.951367,-4.4607,-1.2564,-2.1904,5.13
10.959067,-3.8240,-2.2163,-1.6563,4.72
10.968438,-2.3603,-3.7852,0.9733,4.57
10.974756,-0.9901,-5.6259,5.0205,7.60
10.984408,-0.3696,-6.6738,5.3717,8.58
11.000730,-0.2004,-5.9788,0.4194,6.00
11.007383,0.3713,-4.8931,-0.8011,4.97
11.017351,1.3920,-4.0601,-0.7543,4.36
11.033698,3.0891,-3.7501,0.1086,4.86
11.039081,3.6712,-4.0738,-0.1972,5.49
11.050000,4.1555,-5.1050,-0.8417,6.64
11.054993,5.1338,-6.8731,-0.6609,8.60
11.066550,6.3263,-8.6287,-0.0470,10.70
11.083744,8.3816,-10.8609,0.6053,13.73
11.087359,7.7034,-9.4559,-0.3864,12.20
11.100256,4.6963,-5.5597,-0.6510,7.31
11.103616,3.2273,-2.7620,-0.6930,4.30
11.117293,2.2581,-0.7907,-0.7644,2.51
11.134476,0.2507,0.0583,-0.3051,0.40
11.135484,-0.6300,-0.3683,-0.4728,0.87
11.150411,-1.5776,-0.7284,-0.9115,1.96
11.166877,-2.5260,-0.4496,-1.9554,3.23
11.167759,-2.6838,0.0231,-2.5366,3.69
11.175988,-2.3725,0.4114,-3.1931,4.00
11.184300,-1.5896,0.7304,-3.8671,4.24
11.200319,-0.5328,1.6177,-4.5928,4.90
11.208006,0.1019,2.0924,-4.6182,5.07
11.216944,0.3998,2.6379,-4.2695,5.03
11.224073,1.2064,2.8666,-4.2698,5.28
11.245686,2.0958,3.1934,-4.3701,5.80
11.246146,2.7030,3.6289,-4.1414,6.13
11.257226,3.2384,3.8830,-4.0934,6.51
11.267570,3.1823,4.2341,-4.1268,6.71
11.291940,2.4906,3.8545,-4.0904,6.15
11.292369,2.4234,3.3379,-3.9173,5.69
11.304045,2.4404,2.8774,-3.6798,5.27
11.304434,2.2028,2.4371,-3.3962,4.73
11.316972,1.8068,2.2300,-3.2168,4.31
11.332952,0.8779,2.0464,-2.8093,3.58
11.336417,0.5591,1.8992,-2.5822,3.25
11.349385,0.2605,1.7369,-2.5307,3.08
11.366170,-0.3617,1.2648,-3.3813,3.63
11.368538,-0.6120,0.8858,-3.8647,4.01
11.383025,-0.4956,0.4790,-3.8892,3.95
11.384450,-0.3076,0.1167,-3.6034,3.62
11.399548,-0.1508,0.1278,-2.7979,2.80
11.409119,-0.7701,1.9079,0.2054,2.07
11.417257,-1.1707,3.1239,2.2433,4.02
11.424947,-1.4471,4.6194,5.0768,7.01
11.434116,-1.5969,5.8284,7.3795,9.54
11.451238,-1.6265,6.6076,8.8919,11.20
11.456687,-1.2700,5.6748,8.4807,10.28
11.467547,-0.5605,4.0318,5.9683,7.22
11.484220,1.5184,1.2004,1.2111,2.28
11.488920,2.2774,0.4174,1.9220,3.01
11.500469,2.9874,-0.1254,2.9988,4.23
11.504911,3.6474,-0.3576,4.6145,5.89
11.517201,3.7572,-0.3466,6.2268,7.28
11.533720,3.1879,-1.0516,10.9807,11.48
11.537188,2.3605,-1.9476,8.2607,8.81
11.549756,1.4879,-3.2840,3.4533,4.99
11.566447,1.4375,-6.6550,-0.4031,6.82
11.569427,2.1640,-8.7683,0.0238,9.03
11.584298,2.9472,-10.6183,0.2768,11.02
11.585237,3.5610,-12.3931,0.1635,12.90
11.606268,3.3313,-13.0412,-0.5476,13.47
11.606739,2.7331,-12.4135,-1.3210,12.78
11.618891,2.0465,-10.1747,-1.1997,10.45
11.628974,0.6905,-5.6001,-0.2351,5.65
11.643967,-0.0293,-3.3164,0.7028,3.39
11.644393,-0.5962,-1.0475,1.7864,2.15
11.656634,-0.6749,-0.0881,2.1978,2.30
11.670250,-0.6635,-0.1318,0.6109,0.91
11.675581,-0.8642,-0.1779,0.0242,0.88
11.692911,-1.2202,0.0029,-0.4338,1.29
11.709333,-1.6280,0.6907,-1.1284,2.10
11.709678,-1.7156,1.1419,-1.9106,2.81
11.721659,-1.4223,1.3953,-2.8309,3.46
11.734033,-0.6189,1.6546,-3.6111,4.02
11.737576,-0.3479,1.1481,-3.4837,3.68
11.749426,0.1912,0.2466,-3.5139,3.53
11.753627,0.4400,-0.4945,-3.3597,3.42
11.766413,0.9614,-0.9803,-3.5072,3.77
11.782638,0.3287,-0.9217,-5.4816,5.57
11.785891,-0.2880,-0.7504,-5.6266,5.68
11.799400,-0.5057,-0.5183,-5.0450,5.10
11.815719,-0.4766,0.3799,-3.8718,3.92
11.817917,-0.3968,1.0876,-3.2187,3.42
11.832406,-0.3166,1.7165,-2.6825,3.20
11.833990,-0.1016,2.0791,-2.2482,3.06
11.848946,0.2229,2.3837,-1.7624,2.97
11.858925,0.6831,2.4099,-1.2576,2.80
11.867039,0.7356,2.1407,-1.1605,2.54
11.874403,0.8098,1.5423,-1.1155,2.07
11.890576,1.1899,-0.0360,-1.1679,1.67
11.899781,1.2189,-0.9565,-1.3017,2.02
11.906230,1.1276,-1.7596,-1.4389,2.54
11.915752,0.9378,-2.4948,-1.6071,3.11
11.932509,0.5904,-2.9989,-2.4703,3.93
11.938216,0.0609,-3.0402,-1.5397,3.41
11.949304,-0.3028,-3.0442,-0.3351,3.08
11.954302,-1.8244,-2.8514,5.8629,6.77
11.966086,-3.8773,-2.4711,18.4557,19.02
11.983101,-4.5186,-0.6346,17.7847,18.36
11.986508,-3.7482,0.0265,14.3414,14.82
11.999486,-2.2273,0.4676,10.1670,10.42
12.015962,2.5502,1.7245,1.0876,3.27
12.018750,4.6669,2.7567,6.7252,8.64
12.032931,6.9575,3.1443,13.1476,15.20
12.034969,9.2233,3.0897,13.2142,16.41
12.049963,9.0734,4.0942,3.3280,10.50
12.066851,5.3519,7.1889,-15.2976,17.73
12.075520,2.7095,8.4297,-12.3508,15.20
12.076020,1.2822,9.0343,-10.6930,14.06
12.092465,1.5833,8.8971,-10.1044,13.56
12.105247,-0.3199,8.9152,-8.1490,12.08
12.107173,-0.5805,8.5614,-8.5146,12.09
12.127847,-0.9191,8.2108,-8.6407,11.96
12.128283,-0.7848,7.9275,-8.4802,11.64
12.146422,-0.7721,7.8555,-8.8462,11.86
12.146867,-1.0978,7.7485,-8.0094,11.20
12.159891,0.1440,7.0264,-3.7520,7.97
12.173201,0.7676,5.7730,1.3220,5.97
12.173561,-0.6633,4.6550,1.5829,4.96
12.185766,-0.7836,3.5690,-1.0387,3.80
12.199248,-2.1414,1.9440,-3.1402,4.27
12.215891,-4.0600,-1.1575,-0.5393,4.26
12.219164,-4.0949,-4.7999,2.1165,6.65
12.232395,-3.1250,-11.7658,1.7783,12.30
12.235518,-1.7440,-17.1944,1.2495,17.33
12.255760,0.1236,-16.2024,5.8759,17.24
12.256221,3.3706,-13.4039,6.3141,15.20
12.269406,5.2922,-9.7229,6.8645,13.03
12.288422,3.9379,-2.2852,6.0249,7.55
12.288855,1.8144,0.1795,4.4868,4.84
12.303570,0.1441,1.5442,2.2166,2.71
12.304013,0.0079,1.1470,0.3793,1.21
12.319956,1.0297,-1.1558,-1.1175,1.91
12.324082,0.9074,-2.2411,-0.4558,2.46
12.334069,-0.2732,-2.8682,1.8645,3.43
12.349186,-3.5653,-1.7856,12.2394,12.87
12.355874,-4.0636,-0.9785,13.9114,14.53
12.366604,-3.0110,-1.0458,10.8317,11.29
12.382936,-0.3171,-1.7492,2.6352,3.18
12.387895,-0.6394,-1.6785,-0.1094,1.80
12.399579,-1.0099,-1.5279,-2.4365,3.05
12.404136,-0.7736,-1.7072,-2.6358,3.23
12.415192,0.2044,-1.7895,-2.3291,2.94
12.432053,2.3522,-2.0009,-2.0836,3.73
12.436394,3.8735,-2.4435,-1.4381,4.80
12.449388,4.2411,-2.6090,-0.6397,5.02
12.465414,3.9647,-2.1402,0.5912,4.54
12.468598,3.9137,-1.9016,0.5251,4.38
12.482268,4.3365,-1.7787,0.2721,4.70
12.484380,4.2149,-1.4635,0.0578,4.46
12.498763,3.8756,-1.0794,1.1824,4.19
12.516183,3.3633,-0.7233,7.2235,8.00
12.516658,3.0937,-2.4221,6.5703,7.66
12.532171,2.8798,-4.9935,4.0246,7.03
12.542272,1.3859,-10.1384,-1.6239,10.36
12.558233,0.3651,-10.3644,-2.8548,10.76
12.558738,-0.2153,-8.5750,-3.0013,9.09
12.576710,-0.6003,-5.7532,-2.6473,6.36
12.577169,-1.0912,-3.2549,-2.4819,4.24
12.597473,-1.5098,-1.5035,-2.3115,3.14
12.597983,-1.8335,0.0110,-2.0252,2.73
12.616673,-2.1392,1.2939,-1.7691,3.06
12.617124,-2.1578,1.4483,-1.9064,3.22
12.635540,-2.0630,1.2832,-2.0188,3.16
12.635927,-1.6377,0.8110,-2.0068,2.71
12.648810,-1.2556,0.4970,-1.9313,2.36
12.661169,-1.0559,0.4613,-1.7560,2.10
12.673796,-0.7308,0.9150,-1.5879,1.97
12.686342,-0.5227,1.2129,-1.5273,2.02
12.686700,-0.3493,1.5695,-1.5064,2.20
12.698873,-0.1614,1.9083,-1.5087,2.44
12.715008,0.2685,2.2805,-1.5394,2.76
12.717207,0.4199,2.4006,-1.4898,2.86
12.732214,0.5419,2.4555,-1.4253,2.89
12.749144,0.7046,2.4856,-1.3702,2.92
12.749534,0.8782,2.5546,-1.3201,3.01
12.757401,1.0957,2.6005,-1.1417,3.04
12.765865,1.2505,2.6447,-0.3672,2.95
12.782676,1.0554,2.6583,1.7499,3.35
12.789414,0.6387,2.8591,2.5112,3.86
12.799211,0.1686,3.1954,2.9444,4.35
12.805397,-0.3089,3.7368,3.0402,4.83
12.815560,-0.4731,4.1243,2.6481,4.92
12.831647,-0.0888,4.3269,1.1774,4.49
12.837573,0.2010,4.0552,0.7061,4.12
12.849403,0.6032,3.1523,0.2198,3.22
12.853925,0.8927,1.8693,-0.1407,2.08
12.865390,0.7909,0.3786,0.1674,0.89
12.881802,0.5072,-1.4268,2.0240,2.53
12.886047,0.4685,-1.7365,2.8723,3.39
12.898832,0.3704,-1.3338,3.1641,3.45
12.915499,-0.4079,1.8178,1.7813,2.58
12.936652,-0.6021,3.2931,1.0934,3.52
12.950229,-0.0727,5.0065,0.4795,5.03
12.965314,-0.6443,2.0480,0.5250,2.21
12.966618,-1.1857,0.1455,0.6166,1.34
12.981897,-1.3547,-1.1946,0.8939,2.02
12.990233,-0.6260,-2.5255,2.1740,3.39
12.999657,-0.1869,-2.1183,4.4683,4.95
13.006772,-0.1257,-0.9989,5.9240,6.01
13.026051,-0.3670,0.4966,3.0355,3.10
13.039814,-1.1997,0.5560,2.1227,2.50
13.040260,-1.9890,0.3087,1.6871,2.63
13.049152,-2.4121,-0.1959,1.3710,2.78
13.072934,-2.2076,-1.5641,0.4807,2.75
13.073462,-2.2623,-2.3478,0.2880,3.27
13.087462,-2.5653,-3.2077,0.2614,4.12
13.087872,-2.9139,-4.0887,0.5255,5.05
13.101601,-3.2379,-4.8209,1.1306,5.92
13.115092,-2.5328,-6.4889,3.5511,7.82
13.118765,-0.9269,-7.4242,4.0893,8.53
13.131688,0.5653,-8.3743,4.1162,9.35
13.148094,3.3709,-9.3636,2.6567,10.30
13.150950,4.4105,-8.7932,1.4343,9.94
13.165084,4.9478,-7.2278,0.2916,8.76
13.166948,4.5781,-5.1428,-0.8253,6.93
13.181666,3.5394,-3.3091,-2.0445,5.26
13.198415,2.3427,-0.0016,-3.4425,4.16
13.199627,2.0960,1.2591,-3.3977,4.19
13.207067,1.9832,2.0889,-3.1168,4.24
13.223050,1.8936,3.1260,-2.4563,4.40
13.232024,2.1511,3.1563,-2.3151,4.47
13.239230,2.6568,2.7146,-2.2787,4.43
13.248914,3.0360,2.0757,-2.2274,4.30
13.265391,3.1697,0.3470,-1.7674,3.65
13.271257,3.1538,-0.4074,-1.4540,3.50
13.281577,2.7910,-0.7514,-1.3876,3.21
13.287395,2.3983,-0.7540,-1.7111,3.04
13.298435,2.4600,-0.8169,-2.0043,3.28
13.315655,2.4058,-0.2395,-2.0088,3.14
13.319564,2.5059,-0.0431,-1.4353,2.89
13.331716,2.3540,0.0243,-0.8344,2.50
13.348276,2.3507,0.0842,-0.0892,2.35
13.351855,2.1386,0.1770,-0.2534,2.16
13.364745,1.7392,0.2798,-0.5299,1.84
13.367639,1.2852,0.2738,-0.6913,1.48
13.381766,0.6692,0.3311,-0.7402,1.05
13.399125,0.1366,0.1449,-1.7150,1.73
13.400073,-0.2751,0.3807,-1.9821,2.04
13.415241,-0.6013,0.5851,-1.9407,2.11
13.431764,-1.5473,0.8576,-1.4593,2.29
13.432229,-1.5355,0.7663,-0.7973,1.89
13.440641,-1.2034,0.5880,-0.1266,1.35
13.449070,-0.6426,0.4945,0.1389,0.82
13.464638,0.3487,0.6136,0.0540,0.71
13.475090,0.4265,0.8007,-0.1301,0.92
13.493973,0.3019,1.0011,-0.3036,1.09
13.494423,0.1061,1.1298,-0.3851,1.20
13.504204,-0.1367,1.2582,-0.3889,1.32
13.527709,-0.6650,1.3416,-0.3129,1.53
13.542131,-1.2393,1.3294,-0.0835,1.82
13.555799,-1.3192,1.4013,0.0755,1.93
13.569248,-1.3792,1.6410,0.3825,2.18
13.569597,-1.3451,1.8237,0.4311,2.31
13.582373,-1.2233,1.9904,0.4743,2.38
13.597811,-1.2279,2.2979,0.3415,2.63
13.600898,-1.3874,2.4310,0.3216,2.82
13.615366,-1.5114,2.4584,0.3314,2.90
13.630876,-1.5074,2.4027,0.7400,2.93
13.632853,-1.4922,2.3735,1.1918,3.05
13.647604,-1.5253,2.3953,1.6978,3.31
13.648779,-1.6153,2.4333,2.0842,3.59
13.664338,-1.8576,2.4801,2.4024,3.92
13.672959,-2.0760,2.5053,2.7350,4.25
13.681122,-2.0591,2.5165,2.6734,4.21
13.688938,-2.0326,2.5301,2.6592,4.20
13.704938,-2.1164,2.2309,2.6873,4.08
13.714833,-2.2643,1.9304,2.7886,4.08
13.721104,-2.3384,1.6561,2.8831,4.06
13.731840,-2.2640,1.3242,3.1360,4.09
13.747847,-1.6806,1.1726,4.0419,4.53
13.753042,-1.1874,1.6231,4.3767,4.82
13.764690,-0.5347,2.0397,4.4374,4.91
13.769331,0.2706,2.5440,4.2207,4.94
13.781280,0.8243,3.1385,3.7138,4.93
13.797623,1.1771,4.1465,2.9300,5.21
13.801358,1.1993,4.3891,2.7271,5.30
13.814244,1.2165,4.3170,2.5343,5.15
13.830680,1.1470,2.8233,1.7875,3.53
13.833674,1.1733,1.4562,1.2870,2.27
13.847442,1.2584,-0.2609,1.1063,1.70
13.849472,1.7747,-2.8512,1.4230,3.65
13.864162,2.8496,-5.6209,2.5337,6.79
13.880688,4.5110,-9.1580,5.4815,11.59
13.881579,4.6339,-8.8929,6.5960,12.00
13.889765,4.3943,-6.9863,5.8210,10.10
13.903883,4.2681,-4.5880,3.3769,7.12
13.914632,3.3256,-0.6801,-8.2933,8.96
13.921982,3.0724,0.1845,-8.2498,8.81
13.931651,3.0482,1.1305,-6.0422,6.86
13.938102,2.7295,1.7905,-4.3105,5.41
13.958659,2.4578,1.6652,-3.2859,4.43
13.959107,2.7291,0.0794,-2.9391,4.01
13.972078,3.4208,-1.9283,-2.8713,4.86
13.985365,4.3680,-5.5761,-2.7545,7.60
13.999137,3.7328,-6.6458,-2.9468,8.17
14.002115,3.9020,-6.5798,-3.3869,8.37
14.014100,4.6734,-6.5977,-3.7951,8.93
14.018219,5.0675,-6.5991,-3.8577,9.17
14.030627,4.3940,-6.1579,-3.3444,8.27
14.047441,3.0049,-4.9044,-2.2880,6.19
14.050119,2.9548,-4.4955,-1.9519,5.72
14.063998,2.7287,-4.0481,-1.8438,5.22
14.080941,1.8346,-2.9793,-1.6763,3.88
14.082633,1.6294,-2.7053,-1.7150,3.59
14.097093,1.3258,-2.3793,-1.8445,3.29
14.098604,1.1938,-2.0491,-2.0810,3.16
14.113845,1.2776,-1.8629,-2.3632,3.27
14.122622,0.8197,-1.2368,-2.7138,3.09
14.131096,0.5866,-0.8947,-2.7407,2.94
14.138882,0.4318,-0.6960,-2.7094,2.83
14.154875,0.1668,0.0443,-2.7720,2.78
14.164708,0.2840,0.3128,-2.8329,2.86
14.170886,0.2583,0.7319,-2.9446,3.05
14.180685,-0.0757,1.2377,-3.0317,3.28
14.196987,-1.1809,1.9967,-3.1485,3.91
14.202774,-1.3373,1.9884,-2.9906,3.83
14.213566,-1.5591,1.9438,-2.8217,3.76
14.218963,-1.9567,1.8556,-2.7388,3.84
14.230564,-2.2347,1.7074,-2.5908,3.82
14.247375,-2.8784,1.0786,-2.6447,4.05
14.250945,-3.3752,0.6341,-2.3437,4.16
14.265590,-3.7042,0.2585,-1.9624,4.20
14.281623,-4.0934,0.0895,-1.5076,4.36
14.287850,-4.2686,0.4135,-1.4384,4.52
14.298697,-4.4758,0.6557,-1.5632,4.79
14.299721,-4.7160,0.9049,-1.5967,5.06
14.317869,-4.9169,0.9987,-1.6828,5.29
14.318392,-4.9405,1.2011,-1.7359,5.37
14.332509,-4.8249,1.7657,-3.6372,6.30
14.359959,-5.0834,1.9617,-2.0722,5.83
14.374695,-5.8534,0.7468,3.1241,6.68
14.388625,-6.7534,0.3584,7.4494,10.06
14.402599,-6.7125,0.0799,9.7114,11.81
14.403627,-6.1044,-0.2977,10.6010,12.24
14.416546,-4.9426,-0.4207,10.6128,11.71
14.433569,-1.8000,-0.3753,8.3603,8.56
14.435735,-1.4610,-0.1287,6.4021,6.57
14.448152,-1.4522,0.1042,3.8595,4.12
14.451711,-1.6287,0.1138,1.6462,2.32
14.463759,-1.8644,0.0247,-0.3021,1.89
14.480470,-0.6311,-1.0434,-2.9989,3.24
14.483742,0.0650,-1.5639,-2.2199,2.72
14.496409,0.7349,-2.0638,-0.8525,2.35
14.500006,1.6753,-2.6399,1.3621,3.41
14.514247,2.5920,-3.0185,3.4539,5.27
14.532323,1.9006,-3.2791,6.5273,7.55
14.532799,1.2479,-3.7826,6.9003,7.97
14.548833,0.6796,-4.3277,6.5234,7.86
14.563848,-0.4739,-4.4885,4.4115,6.31
14.564239,-1.1191,-4.1216,3.3141,5.41
14.572260,-1.5349,-3.6580,3.0509,5.00
14.580913,-2.1148,-3.1738,3.4065,5.11
14.596577,-3.0902,-2.9612,3.8934,5.79
14.604489,-3.4857,-2.6444,3.4636,5.58
14.613055,-3.3682,-2.3002,3.0127,5.07
14.620500,-3.2196,-1.7319,2.3443,4.34
14.636612,-3.1585,-0.5012,0.8210,3.30
14.646622,-2.8270,0.0846,0.3942,2.86
14.652545,-2.3859,0.7316,0.1954,2.50
14.667766,-1.8648,1.5113,0.0876,2.40
14.681921,-0.6368,2.2729,-0.1214,2.36
14.684853,0.0831,2.0565,-0.0759,2.06
14.697541,0.7989,1.2897,-0.1442,1.52
14.700701,1.7898,0.0752,-0.3123,1.82
14.724023,2.7174,-1.4103,-0.2070,3.07
14.724666,4.2193,-3.0048,1.4041,5.37
14.743124,6.7309,-6.4298,0.9982,9.36
14.743629,6.8076,-7.2046,-0.4009,9.92
14.757148,5.8058,-6.8883,-1.2299,9.09
14.770878,1.6386,-2.2980,-1.8267,3.36
14.784631,1.1732,-0.8758,-1.4307,2.05
14.785049,0.7045,0.6321,-0.5855,1.11
14.799108,0.4342,1.6566,-0.2032,1.72
14.805331,0.0227,3.2484,-0.8520,3.36
14.813581,0.1708,3.3810,-1.3528,3.65
14.821451,1.1331,2.5785,-1.8004,3.34
14.830188,1.5131,1.8052,-1.9915,3.08
14.846497,2.1565,0.2545,-3.9864,4.54
14.853254,2.1450,-0.2091,-4.8902,5.34
14.863257,1.7427,-0.5704,-4.3979,4.76
14.880766,-0.2126,-0.4771,-3.9236,3.96
14.885446,0.3331,-0.5550,-3.4617,3.52
14.896462,0.8198,-0.5539,-2.6335,2.81
14.901741,1.1639,-0.4059,-1.9217,2.28
14.912890,1.4045,-0.1737,-1.2313,1.88
14.929732,1.7584,0.5060,1.1179,2.14
14.933681,2.5649,0.4167,0.9135,2.75
14.946610,2.8162,0.6475,0.4300,2.92
14.950007,2.7774,0.7294,-0.2149,2.88
14.963486,3.5029,0.0750,-0.9381,3.63
14.979684,3.3554,-0.6947,-1.0559,3.59
14.982063,3.1588,-1.3494,-1.0494,3.59
14.996352,2.8124,-1.7786,-1.0501,3.49
15.012641,2.5356,-2.3780,0.1366,3.48
15.013995,2.3727,-2.1997,0.4037,3.26
15.029425,1.7411,-1.3755,0.6670,2.32
15.030198,1.4393,-0.7886,0.5422,1.73
15.046695,1.1065,0.3652,-0.6590,1.34
15.058039,0.8903,0.8471,-1.2843,1.78
15.075934,0.5544,1.1643,-1.4766,1.96
15.076455,0.3056,1.3180,-1.8616,2.30
15.085086,0.1215,1.4267,-2.3569,2.76
15.101700,-0.4093,1.6433,-2.1294,2.72
15.103968,-0.4530,1.7410,-1.9827,2.68
15.121050,-0.4062,1.8026,-1.7823,2.57
15.121507,-0.3425,1.8282,-1.3015,2.27
15.135887,-0.5485,1.7879,-0.9532,2.10
15.151474,-0.7942,1.5025,-0.2315,1.72
15.151954,-0.7535,1.4651,0.3491,1.68
15.168415,-0.6864,1.5175,0.7599,1.83
15.182284,-0.8134,1.7123,0.8211,2.07
15.182698,-0.6990,1.7065,1.0046,2.10
15.196743,-0.3348,1.6017,1.3632,2.13
15.212643,0.2364,1.5725,1.7095,2.33
15.214793,0.4967,1.7892,2.0301,2.75
15.229370,0.5195,2.0863,2.0936,3.00
15.230780,0.2084,2.4670,1.7295,3.02
15.247032,-0.2199,2.7611,0.7706,2.88
15.254933,-0.9980,2.9093,-1.4390,3.40
15.264601,-1.2119,2.7812,-2.4040,3.87
15.270902,-1.4429,2.5950,-3.0709,4.27
15.280095,-1.5464,2.2941,-3.1654,4.20
15.296536,-1.3021,1.4909,-3.0888,3.67
15.303005,-1.0698,1.0612,-2.3700,2.81
15.313087,-0.6947,0.6552,-1.3340,1.64
15.329146,-0.1936,0.6035,1.1095,1.28
15.335003,-0.1261,0.9770,1.8270,2.08
15.345959,-0.0000,1.4024,1.9271,2.38
15.352564,-0.0638,1.9007,1.6838,2.54
15.362769,0.0164,2.2741,1.1030,2.53
15.382458,0.1832,2.6970,0.4617,2.74
15.383537,0.3380,2.7386,0.4448,2.79
15.397147,0.4240,2.6957,0.5969,2.79
15.412922,0.7296,2.3514,1.3675,2.82
15.415473,0.8936,2.2080,2.0107,3.12
15.430196,0.9157,2.0810,2.4166,3.32
15.435561,0.8986,2.0382,2.7012,3.50
15.446693,0.8611,2.0477,2.6836,3.48
15.463505,0.5260,2.3353,2.2842,3.31
15.463960,0.4232,2.3740,2.3540,3.37
15.488349,0.3767,2.2181,2.5492,3.40
15.489138,0.3468,2.0660,2.5297,3.28
15.505684,0.6289,1.8004,2.7266,3.33
15.506170,0.8568,1.6872,2.9050,3.47
15.520273,1.1722,1.4368,3.0865,3.60
15.520696,1.5171,0.8528,3.1246,3.58
15.534426,2.2195,-0.6464,3.2770,4.01
15.548790,3.5168,-5.2955,2.0081,6.67
15.552303,3.6349,-7.1945,0.5227,8.08
15.563854,3.6622,-7.8553,-0.2380,8.67
15.579470,3.4966,-6.2808,-1.0950,7.27
15.584329,2.9573,-4.6267,-1.5989,5.72
15.595558,2.4792,-3.3067,-2.4572,4.81
15.600247,2.0853,-2.5213,-2.8856,4.36
15.612845,1.5561,-1.8894,-2.8575,3.76
15.629170,1.5630,-3.0271,-3.6878,5.02
15.632452,2.0587,-5.4942,-4.3073,7.28
15.645746,2.3221,-7.7916,-4.5140,9.30
15.662176,0.3668,-8.4926,-4.2059,9.48
15.664590,-1.4826,-6.7156,-4.6475,8.30
15.679180,-2.2424,-4.8418,-5.3232,7.54
15.680675,-2.5527,-3.5280,-5.5736,7.07
15.696593,-3.4391,-2.2563,-6.1549,7.40
15.712701,-5.2626,-1.1911,-6.8984,8.76
15.713144,-5.6649,-1.4930,-6.2096,8.54
15.720714,-5.5955,-2.0630,-5.4777,8.10
15.736773,-5.2971,-3.1587,-4.4207,7.59
15.745663,-5.3686,-3.4446,-3.4549,7.25
15.752943,-5.1029,-3.3652,-2.3013,6.53
15.762181,-4.7184,-2.7745,-1.6021,5.70
15.794087,-4.4922,-0.6811,-0.8167,4.62
15.813914,-2.0568,1.9859,0.5134,2.90
15.814353,-1.2350,1.9194,1.5428,2.75
15.826418,-0.7725,1.6857,2.1129,2.81
15.841283,-0.1712,1.1782,2.6214,2.88
15.855925,0.0030,1.3803,2.0244,2.45
15.870512,0.1051,1.5122,1.5973,2.20
15.870943,0.3796,1.4583,1.1654,1.90
15.885500,0.7699,1.3440,0.9349,1.81
15.885911,1.3288,1.1202,0.8393,1.93
15.899896,1.7135,0.7147,0.7792,2.01
15.914312,1.9290,-0.1464,1.7428,2.60
15.914722,1.8929,-0.5462,2.6278,3.28
15.929168,1.7732,-0.8397,3.9500,4.41
15.937509,0.7437,-0.8295,6.0959,6.20
15.946101,-0.2090,-0.5558,6.1727,6.20
15.961965,-0.9498,-0.3488,5.5143,5.61
15.969439,-1.1304,0.0482,4.7638,4.90
15.978632,-0.4707,0.6980,3.3763,3.48
15.985535,0.7350,1.4803,0.5907,1.76
15.996212,1.5986,2.2591,-1.0073,2.95
16.012250,0.5439,3.5671,-1.5272,3.92
16.017920,-0.0343,4.1489,-1.5711,4.44
16.029948,-0.5184,4.4784,-1.6043,4.79
16.045388,-0.6912,3.9567,-2.0574,4.51
16.050038,-0.6598,3.4136,-2.3404,4.19
16.068393,-0.6946,3.1509,-2.6469,4.17
16.068885,-0.8139,3.4657,-2.9631,4.63
16.086729,-0.7869,4.1860,-3.1628,5.31
16.087207,-0.6302,5.0354,-3.3968,6.11
16.114213,-0.3827,5.4654,-3.5345,6.52
16.114733,-0.2121,5.7903,-3.4475,6.74
16.115205,-0.3053,6.1578,-3.2857,6.99
16.128439,-0.6760,5.8039,-3.2129,6.67
16.145975,-0.8062,4.5444,-3.3819,5.72
16.146539,-0.8169,2.9154,-3.5718,4.68
16.176084,-1.1476,-1.1784,3.5076,3.87
16.176760,-1.5370,-2.1067,9.7152,10.06
16.177296,-1.7258,-1.9961,8.7083,9.10
16.210603,-1.1055,0.4501,-2.1536,2.46
16.233149,-2.1847,0.1948,-2.8208,3.57
16.233724,-1.5516,-0.9967,-2.9312,3.46
16.258649,0.2407,-4.3734,0.0336,4.38
16.290468,4.2761,-12.8896,6.0028,14.85
16.318045,4.9425,-14.0050,2.4163,15.05
16.318599,7.0011,-13.6231,1.3464,15.38
16.349534,5.2260,-7.6294,-2.0672,9.48
16.379431,-0.1290,1.0809,-0.5860,1.24
16.393671,-4.2314,-2.6965,-1.0897,5.13
16.410533,-5.0402,-2.7723,-2.1699,6.15
16.411065,-5.1891,-2.1749,-2.7623,6.27
16.430449,-4.0224,-0.4447,-3.0505,5.07
16.430910,-2.9487,0.2483,-3.1427,4.32
16.444380,-1.7940,0.9310,-3.7363,4.25
16.458518,-0.2705,2.2079,-4.9392,5.42
16.472881,0.5760,3.2859,-5.3029,6.26
16.487185,0.7477,3.6080,-5.4678,6.59
16.487747,0.7313,3.7949,-5.5020,6.72
16.501636,0.7092,3.7827,-5.3370,6.58
16.502163,0.7296,3.6326,-4.9742,6.20
16.517920,0.7525,3.5660,-4.6459,5.90
16.536160,0.8432,3.3871,-4.2325,5.49
16.536653,0.8191,3.2836,-4.0990,5.32
16.557974,0.8543,3.0559,-4.2103,5.27
16.558462,0.7970,2.8449,-4.3782,5.28
16.572887,0.6161,2.4744,-4.6786,5.33
16.573388,0.5637,2.4075,-4.3917,5.04
16.588207,0.6278,2.4038,-3.6994,4.46
16.603601,0.4191,3.0778,0.2052,3.11
16.604117,0.8580,4.1396,5.5809,7.00
16.618430,0.9205,5.2372,8.9585,10.42
16.620103,0.5007,5.1039,6.9324,8.62
16.635821,-0.2633,4.7909,5.1619,7.05
16.651861,-2.0236,4.2895,3.1409,5.69
16.653025,-2.4161,4.2785,2.5106,5.52
16.674884,-2.5753,4.2171,2.5292,5.55
16.675536,-2.5848,3.8932,3.1232,5.62
16.694187,-1.4226,2.6204,0.6708,3.06
16.694691,-0.9514,2.3651,-0.6040,2.62
16.712458,-1.0460,2.0426,0.1131,2.30
16.712920,-0.7974,1.1382,0.8406,1.62
16.726813,-0.2156,-0.2357,0.7938,0.86
16.747034,1.4203,-2.6346,0.0765,2.99
16.747515,2.1596,-3.5499,-0.4725,4.18
16.765957,3.8973,-4.5119,-1.4341,6.13
16.766386,5.7360,-5.4629,2.7582,8.39
16.786944,8.1327,-6.2430,9.0459,13.67
16.787471,6.8237,-6.0366,3.6818,9.83
16.800390,5.9673,-6.6733,2.1314,9.20
16.800825,4.7650,-8.7254,-0.0665,9.94
16.813896,3.4349,-10.2567,-4.0371,11.55
16.832791,-0.8171,-8.4684,-3.8426,9.34
16.833254,-3.9035,-5.6666,-0.8587,6.93
16.848996,-5.1590,-1.6732,-1.3552,5.59
16.852568,-5.7287,-0.6367,-2.2830,6.20
16.862859,-5.9416,-0.9326,-2.6534,6.57
16.877742,-5.2976,-4.9220,-1.4051,7.37
16.884552,-5.4512,-7.0821,-1.2756,9.03
16.894601,-5.2501,-8.9388,-1.4817,10.47
16.900743,-4.5975,-9.6503,-1.4107,10.78
16.911435,-2.7710,-9.1915,-1.1176,9.67
16.928227,-0.8121,-5.5252,0.1521,5.59
16.932728,-1.5570,-3.3898,0.6013,3.78
16.944987,-2.3074,-2.0099,0.5182,3.10
16.962137,-2.4298,-0.3109,-1.2618,2.76
16.965099,-2.1601,0.2690,-1.9676,2.93
16.978496,-1.8683,0.3624,-2.1320,2.86
16.981123,-1.3570,0.1586,-1.9633,2.39
16.999805,-0.6931,-0.2263,-1.5846,1.74
17.000390,-0.1607,-0.4058,-1.2225,1.30
17.012125,0.0772,-0.3936,-0.8510,0.94
17.027725,-0.0410,0.3171,-0.4992,0.59
17.052746,-0.3369,1.2159,-1.0651,1.65
17.067884,-0.9006,2.6442,-1.9292,3.39
17.084287,-1.0053,2.9908,-1.9008,3.68
17.084812,-1.1643,3.2882,-1.6567,3.86
17.101295,-1.3478,3.3836,-0.4844,3.67
17.121875,-1.2387,3.2008,1.5668,3.77
17.122340,-1.1625,3.2666,2.7816,4.45
17.146484,-1.1182,3.5128,4.2125,5.60
17.171441,-0.1389,4.3228,3.8734,5.81
17.172805,0.1471,4.5265,2.6641,5.25
17.188550,0.0371,4.1900,-1.4800,4.44
17.208657,-0.3016,4.0152,-1.9328,4.47
17.223139,-0.6101,3.4630,-0.7468,3.59
17.244083,-0.9357,1.8702,2.3365,3.14
17.244572,-0.8016,0.9708,3.3566,3.58
17.259921,-0.9293,0.3485,3.5869,3.72
17.260413,-1.5652,0.2829,2.4937,2.96
17.278865,-1.9476,0.4956,1.0522,2.27
17.279388,-1.6565,0.7936,0.4325,1.89
17.306683,-1.8075,1.6564,0.2076,2.46
17.308224,-2.4083,1.9342,-0.2615,3.10
17.309569,-3.1878,2.0179,-0.5221,3.81
17.324738,-4.1824,0.9622,-1.1258,4.44
17.341969,-4.3792,-2.0004,-1.5509,5.06
17.343168,-4.3957,-3.6744,-0.5456,5.76
17.374442,-4.1518,-4.8569,0.6429,6.42
17.396414,-2.6983,-5.4039,3.2006,6.84
17.396989,-2.4966,-5.9456,2.9713,7.10
17.422076,-2.0119,-7.5696,2.2264,8.14
17.424523,-0.9684,-10.0792,1.6603,10.26
17.426343,0.4974,-12.6649,1.7745,12.80
17.448365,5.8589,-15.6629,3.4359,17.07
17.449829,8.2833,-13.8407,1.6500,16.21
17.474630,7.6848,-5.9776,-2.6367,10.09
17.476466,6.1741,-2.7472,-3.2802,7.51
17.478202,5.4100,-0.5575,-2.8116,6.12
17.517068,3.7639,2.5852,-0.1177,4.57
17.538752,-0.1342,1.7264,-1.8735,2.55
17.539248,-1.3010,1.1006,-2.2554,2.83
17.559385,-1.5079,0.1332,-3.0812,3.43
17.559936,-1.2459,0.0175,-3.7187,3.92
17.579653,-1.0948,0.1692,-4.7969,4.92
17.580227,-0.5577,0.4445,-5.2181,5.27
17.602037,-0.0922,0.6954,-5.2675,5.31
17.602537,0.3588,1.0253,-5.1643,5.28
17.618235,0.3137,1.4652,-4.0105,4.28
17.619835,0.5133,1.4848,-3.3265,3.68
17.632285,0.4751,1.4842,-2.9792,3.36
17.647474,0.4097,1.3720,-2.9657,3.29
17.648078,0.1286,1.2883,-3.1314,3.39
17.665234,0.1358,1.1265,-3.3841,3.57
17.682465,0.2663,1.1096,-3.6965,3.87
17.682990,0.2390,1.3398,-3.7060,3.95
17.698740,-0.0084,1.6612,-3.7324,4.09
17.700536,-0.2481,1.9726,-3.6530,4.16
17.716241,-0.4132,2.2369,-3.5913,4.25
17.716779,-0.5456,2.5460,-3.3773,4.26
17.737804,-0.7945,2.9736,-3.1040,4.37
17.738268,-1.0604,3.3828,-2.8956,4.58
17.758287,-1.5406,3.8901,-2.9010,5.09
17.758735,-1.9488,3.9433,-2.9416,5.29
17.772010,-2.7468,3.8236,-2.0920,5.15
17.790988,-2.3180,3.6594,-1.1733,4.49
17.791554,-1.8662,3.6705,-0.2881,4.13
17.804856,-2.5132,4.8728,2.6885,6.11
17.825466,-2.7726,5.2479,3.8219,7.06
17.825938,-2.7566,5.1950,4.8562,7.63
17.856656,-1.7753,4.4991,6.6166,8.20
17.870947,-0.4485,2.6297,3.8614,4.69
17.884578,-0.2128,1.9025,2.4790,3.13
17.903737,0.3952,0.3815,1.3070,1.42
17.904179,1.3179,-1.4923,1.2290,2.34
17.918686,3.4093,-5.3347,1.9912,6.64
17.932701,4.0371,-6.8966,3.1648,8.60
17.933156,4.6171,-8.1054,2.2625,9.60
17.946737,5.2374,-8.5625,-0.1110,10.04
17.947210,5.6936,-8.0779,-1.3113,9.97
17.961307,6.0898,-6.8139,-0.9612,9.19
17.968496,6.8510,-4.0073,5.2684,9.53
17.977643,5.6056,-3.5269,4.8994,8.24
17.993493,3.3007,-6.7143,-5.7846,9.46
18.000749,2.8544,-7.4228,-5.9160,9.91
18.010489,1.7181,-7.2601,-5.2956,9.15
18.026619,-1.8428,-5.4244,-4.6420,7.37
18.032826,-3.9774,-4.2183,-5.0765,7.71
18.044629,-5.8963,-3.8461,-5.0905,8.69
18.048700,-6.6666,-4.2452,-4.0241,8.87
18.059622,-6.4787,-5.8110,-3.1053,9.24
18.076717,-6.7477,-8.0937,-3.1905,11.01
18.080867,-6.3989,-7.9665,-2.7635,10.59
18.093784,-5.1320,-7.2390,-2.0715,9.11
18.097041,-4.3528,-6.0018,-1.4200,7.55
18.110437,-3.5702,-4.6844,-0.8438,5.95
18.131753,-2.9349,-1.6667,-0.2229,3.38
18.132203,-2.5600,-0.4703,-0.0895,2.60
18.142355,-2.1642,0.3610,-0.0811,2.20
18.159639,-1.4771,1.7537,-0.1442,2.30
18.161452,-1.0890,1.7369,0.1295,2.05
18.191703,-0.6878,1.3364,0.6662,1.64
18.192189,-0.6221,1.0266,0.9444,1.53
18.192598,-0.9513,1.0694,0.9860,1.74
18.201884,-1.3981,1.4549,0.7674,2.16
18.215445,-1.8700,2.3331,-0.0816,2.99
18.217449,-1.9166,2.7445,-0.6396,3.41
18.228811,-1.9015,3.0600,-1.1533,3.78
18.243502,-1.5239,3.0577,-1.5875,3.77
18.249326,-1.1621,2.7658,-1.7910,3.49
18.258555,-0.7819,2.4162,-1.8298,3.13
18.275583,0.3002,1.7269,-0.6669,1.88
18.281367,0.6047,1.8277,0.7733,2.07
18.292788,0.6019,2.3036,3.2008,3.99
18.297721,0.3308,2.9251,5.5435,6.28
18.308844,-0.1424,3.7268,7.6469,8.51
18.325875,-1.0454,4.4781,7.6921,8.96
18.329732,-1.3226,4.7843,5.7499,7.60
18.343485,-1.5532,4.9253,3.7894,6.41
18.359801,-0.9069,5.2218,-0.0470,5.30
18.362038,-0.2695,5.4143,-1.1343,5.54
18.376333,0.7359,5.0762,-0.1504,5.13
18.378339,1.5432,4.4667,1.7368,5.03
18.392756,2.1236,3.5130,4.0918,5.80
18.409722,0.5051,1.6806,1.0916,2.07
18.410440,-1.2043,0.6743,-0.6686,1.53
18.421386,-2.5937,0.0864,-1.5920,3.04
18.435925,-3.6450,-0.1992,-1.9989,4.16
18.452081,-4.5995,1.2125,-2.9992,5.62
18.452621,-4.1455,2.2894,-2.9136,5.56
18.465616,-3.1168,3.1804,-2.3114,5.02
18.472637,-2.2989,3.8439,-0.7918,4.55
18.491015,-1.8808,3.3137,0.8142,3.90
18.491664,-2.4082,1.3724,0.9699,2.94
18.505893,-3.4861,-2.7709,-1.9072,4.84
18.506768,-3.8721,-3.8599,-2.4728,6.00
18.521177,-3.8336,-4.3834,-2.0179,6.16
18.537283,-2.5247,-5.4500,-0.6018,6.04
18.537790,-1.2084,-6.2436,2.0443,6.68
18.557382,0.2912,-7.3670,4.4872,8.63
18.561508,0.1717,-7.7972,2.8148,8.29
18.574097,-0.0268,-9.0922,1.3633,9.19
18.598791,1.9792,-14.1414,4.5851,15.00
18.618048,6.9260,-12.0374,5.1184,14.80
18.618614,6.9349,-8.3158,2.4224,11.10
18.636364,6.2122,-4.1456,-0.3705,7.48
18.650647,4.9222,3.0101,-1.5646,5.98
18.651133,3.5305,3.5687,-1.0696,5.13
18.665207,1.5404,3.3230,-1.9182,4.13
18.680797,-3.4463,0.6357,-2.8142,4.49
18.683041,-5.1202,-1.4022,-2.8336,6.02
18.694951,-5.6760,-2.8070,-2.6544,6.87
18.698963,-5.6535,-3.6425,-2.1628,7.06
18.711603,-4.9681,-3.6355,-1.8197,6.42
18.726765,-2.1183,-1.4524,-2.9603,3.92
18.731325,-1.3720,-0.3898,-3.6020,3.87
18.742348,-0.6499,0.7739,-4.3054,4.42
18.759232,0.7173,2.3057,-5.2853,5.81
18.763373,1.2499,2.5566,-5.0511,5.80
18.775767,1.4963,2.4611,-4.4982,5.34
18.779364,1.7064,2.0959,-3.3457,4.30
18.792893,2.0073,1.5626,-2.0438,3.26
18.815755,2.9973,0.8353,-1.1032,3.30
18.816251,3.1210,1.0035,-1.3308,3.54
18.826235,2.9106,1.5353,-1.7403,3.72
18.843042,2.5754,2.3626,-2.6397,4.38
18.844007,2.3075,2.5880,-2.8531,4.49
18.859607,1.8741,2.6740,-2.9572,4.41
18.862735,1.3707,2.6184,-3.0121,4.22
18.888697,0.4791,2.4755,-3.4361,4.26
18.904425,0.1313,2.2601,-3.4522,4.13
18.925934,-0.0266,2.2114,-3.0641,3.78
18.926368,-0.6690,2.3420,-2.9441,3.82
18.939739,-2.3371,2.9969,-3.0607,4.88
18.940175,-2.6562,3.4858,-3.0257,5.33
18.953730,-2.7621,3.9432,-2.8978,5.62
18.967897,-2.8215,4.3894,-2.5213,5.80
18.982014,-2.9119,4.4910,-1.7233,5.62
18.982468,-3.1250,4.2416,-1.0980,5.38
18.996301,-3.3866,4.0887,0.0130,5.31
19.010399,-2.6860,3.4020,3.3365,5.47
19.012413,-0.9520,2.3992,5.7200,6.28
19.025359,0.8007,1.4556,8.3521,8.52
19.042465,3.7956,0.9137,13.3502,13.91
19.044485,3.8547,1.1655,11.7729,12.44
19.058874,3.2516,1.6301,7.1378,8.01
19.060238,2.6319,1.9037,2.6753,4.21
19.076140,1.5671,2.0345,0.3391,2.59
19.084443,1.1124,-0.8284,-0.4883,1.47
19.093832,1.3737,-2.4688,-1.6644,3.28
19.100552,1.2429,-3.0670,-2.8415,4.36
19.109048,0.9169,-3.9238,-3.3362,5.23
19.126292,1.3323,-5.5424,-2.6464,6.28
19.132815,2.3159,-6.2648,-0.9508,6.75
19.147536,3.2447,-6.9556,1.5085,7.82
19.148627,2.5371,-6.5654,-0.8141,7.09
19.160358,1.0907,-5.0476,-3.0178,5.98
19.173248,-0.5195,-1.6316,-2.8429,3.32
19.185303,-0.5858,-0.4687,-2.6993,2.80
19.197608,-0.5090,-0.0335,-2.8803,2.93
19.216589,0.2557,-3.3644,-3.6602,4.98
19.217197,0.0779,-6.3466,-4.2574,7.64
19.234608,-1.2249,-9.0575,-2.8404,9.57
19.235482,-3.8888,-10.1466,1.4976,10.97
19.255564,-5.5811,-9.0960,8.9320,13.92
19.257601,-4.5656,-7.7884,13.3272,16.10
19.277679,-3.0595,-5.4828,0.0233,6.28
19.279089,-4.1944,-4.3421,-0.7981,6.09
19.279935,-4.7051,-3.4299,-0.9882,5.91
19.293592,-4.4929,-2.8322,-1.1934,5.44
19.311387,-2.2747,-2.5058,-2.2398,4.06
19.311833,-1.5861,-2.2517,-3.0602,4.12
19.334333,-1.2523,-1.9361,-3.4862,4.18
19.334809,-1.0769,-1.4001,-3.5172,3.94
19.352915,-0.8657,0.0748,-3.2107,3.33
19.353362,-0.7564,0.7753,-2.9859,3.18
19.370011,-0.5752,1.1304,-2.7473,3.03
19.370493,-0.4474,1.5203,-2.4195,2.89
19.386766,-0.4528,1.9651,-2.0852,2.90
19.401396,-0.6524,2.7612,-0.9655,3.00
19.401867,-0.6597,2.8859,-0.2742,2.97
19.415934,-0.6062,2.7476,0.5552,2.87
19.436952,-0.5083,2.2457,1.7229,2.88
19.437432,-0.8506,2.1303,1.8848,2.97
19.455968,-1.3484,1.9675,1.3885,2.76
19.456507,-1.3724,1.8805,1.0040,2.54
19.470606,-1.3975,2.0298,0.6131,2.54
19.471066,-1.4705,2.3881,0.3675,2.83
19.485059,-1.6034,2.7498,0.2837,3.20
19.499559,-1.7579,3.6772,0.6590,4.13
19.513679,-1.6946,3.9591,1.1015,4.45
19.514149,-1.4558,4.0030,2.0421,4.72
19.527955,-1.1579,3.8366,3.1423,5.09
19.533972,-0.7866,3.7114,4.0656,5.56
19.545107,-0.6122,3.7010,3.3032,5.00
19.551994,-0.5638,3.7715,2.4013,4.51
19.561787,-0.4056,3.9016,2.0830,4.44
19.582354,-0.8793,3.9340,0.3543,4.05
19.582873,-0.9757,3.5905,-1.0288,3.86
19.604183,-1.4033,3.3750,-1.8924,4.12
19.604737,-1.5993,3.3209,-2.4878,4.45
19.618595,-1.7340,4.2760,-3.1861,5.61
19.640108,-1.5745,4.9946,-3.2334,6.15
19.659635,-0.7486,3.8798,-2.0647,4.46
19.660241,0.0453,1.8621,0.3129,1.89
19.694965,-0.8893,-1.3009,2.4747,2.93
19.754621,-2.2061,-7.5755,2.7386,8.35
19.782928,8.8457,-9.9169,1.6985,13.40
19.783561,8.9749,-6.6664,0.6909,11.20
19.784043,7.8969,-3.6196,-0.7245,8.72
19.823855,7.2533,-1.7200,-1.8327,7.68
19.874796,0.4145,-2.8199,-0.0783,2.85
19.903045,-2.8530,-2.7777,-2.4386,4.67
19.906372,-1.5507,-1.7331,-2.9555,3.76
19.906981,-0.5887,-0.4696,-3.5026,3.58
19.923873,0.3211,1.0554,-4.1775,4.32
19.924394,0.5508,1.4593,-4.2379,4.52
19.941280,0.2472,1.8027,-3.9809,4.38
19.961353,0.1903,1.9092,-4.4953,4.89
19.961896,0.1732,1.8612,-4.8833,5.23
19.981903,-0.4229,2.2156,-4.0825,4.66
19.982390,-0.2566,2.2250,-3.8019,4.41
20.005459,-0.5306,2.2837,-3.2847,4.04
20.007154,-0.9736,2.4677,-2.6952,3.78
20.008944,-1.1736,2.6150,-2.3025,3.68
20.029610,-1.2996,3.1171,-2.0972,3.98
20.031170,-1.0853,3.6199,-1.9620,4.26
20.050679,-0.7895,4.4757,-1.4172,4.76
20.051239,-0.9722,4.5273,-1.1781,4.78
20.077675,-0.9655,4.4368,-1.0165,4.65
20.105724,-1.3628,4.7063,-2.0851,5.32
20.106270,-1.6610,4.7288,-0.8670,5.09
20.124893,-1.5040,4.9159,2.7221,5.82
20.125430,-1.0768,5.2955,2.6135,6.00
20.154546,-0.7319,6.0614,2.1472,6.47
20.180975,-0.9379,9.0300,-2.0560,9.31
20.181571,-0.8028,9.6945,-2.5574,10.06
20.213040,1.2062,10.0182,-1.2190,10.16
20.241363,10.4857,-3.7414,22.5824,25.18
20.242740,8.6795,-6.9143,17.0948,20.38
20.243789,7.6677,-11.2531,5.9179,14.85
20.271197,1.2049,-17.4911,-5.8186,18.47
20.272767,-0.3448,-17.3581,-8.4890,19.33
20.274069,0.6347,-15.0097,-7.5965,16.83
20.290137,-0.9640,-9.5465,-0.4522,9.61
20.316931,-9.5892,-7.2110,20.7061,23.93
20.338211,-1.9113,-2.1953,-3.1524,4.29
20.338819,-0.7752,-1.3904,-5.5169,5.74
20.369610,0.0705,-1.9530,-5.8041,6.12
20.390803,-0.1372,-5.3937,-3.7875,6.59
20.391550,-0.1152,-5.5865,-2.7741,6.24
20.415617,-0.7159,-5.0644,-0.7678,5.17
20.416735,-1.5189,-3.7533,3.4597,5.33
20.444589,-2.3897,-0.4260,6.1572,6.62
20.474100,-1.3017,-1.2938,-3.8897,4.30
20.495985,-0.4437,-0.5392,-3.6506,3.72
20.497673,-0.8597,0.2048,-3.4083,3.52
20.521997,-0.5040,1.2260,-2.1256,2.51
20.523753,-0.0656,1.7150,-1.0923,2.03
20.525448,0.2227,2.2371,0.0366,2.25
20.542194,0.1390,2.3522,0.8884,2.52
20.562365,-0.4565,2.0797,1.0163,2.36
20.562821,-0.4502,1.8581,0.5920,2.00
20.563248,-0.4817,1.9109,-0.2854,1.99
20.584753,-0.6679,2.1237,-0.7193,2.34
20.586279,-0.7470,2.3004,-0.9033,2.58
20.606246,-0.4280,2.1676,-0.2290,2.22
20.608348,-0.3157,2.1841,-0.1563,2.21
20.634676,-0.7795,2.6178,-0.7129,2.82
20.649599,-1.2994,2.9931,-1.2716,3.50
20.671552,-2.1616,2.9021,0.3644,3.64
20.672083,-2.3285,2.6184,1.5169,3.82
20.691169,-2.4697,2.4192,2.0190,4.00
20.691693,-2.5066,2.1343,2.5047,4.14
20.710819,-2.3223,1.4739,2.7460,3.89
20.711237,-2.1105,1.0987,2.2998,3.31
20.727869,-2.0037,1.0268,1.8217,2.90
20.728354,-2.1931,1.1506,1.4809,2.89
20.747350,-2.5175,1.3722,1.3643,3.18
20.747846,-2.6330,1.2870,1.6603,3.37
20.768563,-2.2445,-0.2833,1.8225,2.91
20.769551,-2.4357,-0.5369,2.0341,3.22
20.794231,-2.3854,-1.5423,2.5986,3.85
20.794735,-2.5575,-2.7340,1.9409,4.22
20.795184,-2.3632,-3.8566,1.2703,4.70
20.815387,-2.4489,-4.6839,0.4150,5.30
20.815946,-2.9862,-4.9283,-0.6447,5.80
20.830353,-2.3798,-5.2690,-1.9891,6.11
20.851933,-0.7871,-4.3126,-3.2053,5.43
20.852499,0.4440,-3.9900,-3.1654,5.11
20.872685,3.4114,-4.1284,-0.0716,5.36
20.873139,4.7362,-4.5152,1.5923,6.73
20.891640,5.4098,-4.8613,1.9659,7.53
20.892179,5.4492,-5.2997,0.7111,7.63
20.904359,6.5042,-6.6288,-0.1502,9.29
20.918332,7.4535,-6.7410,-1.1392,10.11
20.918829,7.1399,-5.6972,-0.0073,9.13
20.932834,4.5512,-3.9688,1.6998,6.27
20.958126,1.7475,-1.8482,-1.7083,3.06
20.981611,-4.4040,-2.7823,-5.9322,7.89
20.982492,-4.6676,-3.3828,4.6522,7.41
20.998882,-0.1394,-3.3960,0.1234,3.40
20.999401,0.0462,-2.3080,-2.2572,3.23
21.013211,-0.6086,-0.3213,-3.7404,3.80
21.027377,-0.1908,1.9040,-3.3330,3.84
21.041700,0.3170,1.5361,-3.2919,3.65
21.043130,0.8425,1.0842,-3.1625,3.45
21.056408,1.5591,0.4944,-3.0258,3.44
21.058898,1.9690,0.3582,-2.5725,3.26
21.072704,1.7914,0.4449,-2.3878,3.02
21.090120,0.3069,1.5873,-3.8543,4.18
21.091182,0.0789,3.2113,-3.2622,4.58
21.106563,-0.7734,3.2572,-3.0444,4.53
21.115336,-1.5089,2.9989,-3.0830,4.56
21.124162,-1.3501,2.6465,-2.6620,3.99
21.131034,-0.8873,2.1174,-3.0596,3.83
21.139545,0.0173,1.8977,-3.2530,3.77
21.156342,-0.0256,1.8063,-2.7555,3.29
21.163355,0.0269,2.0952,-2.4819,3.25
21.172397,-0.0849,2.3754,-2.1479,3.20
21.179221,-0.3946,2.5886,-1.9346,3.26
21.188607,-0.8323,2.6942,-1.8630,3.38
21.205774,-1.2857,2.4562,-1.9762,3.40
21.212005,-1.7905,2.3521,-1.7528,3.44
21.222830,-1.8189,2.3447,-1.3206,3.25
21.239428,-0.4744,2.2592,-0.5873,2.38
21.243856,0.5585,2.1864,-0.6889,2.36
21.256833,1.5304,2.2151,-0.8347,2.82
21.263963,1.2601,2.1642,0.0657,2.51
21.273935,0.3333,2.2784,1.2772,2.63
21.299829,0.6162,2.5484,3.3169,4.23
21.313162,3.5905,1.2311,3.2084,4.97
21.326919,3.9132,1.0653,2.5555,4.79
21.342526,3.1081,1.3959,0.5489,3.45
21.343009,1.6390,1.5754,0.5430,2.34
21.357388,-1.0618,1.4675,1.1885,2.17
21.364089,-0.9413,0.9304,0.8742,1.59
21.373622,-0.6461,0.0107,0.5542,0.85
21.380005,-0.2248,-0.7283,0.2464,0.80
21.396070,0.7878,-1.7353,0.3621,1.94
21.406272,0.3672,-1.6215,1.0958,1.99
21.411964,-0.1791,-1.5145,1.9100,2.44
21.422894,-0.9252,-1.6407,1.7315,2.56
21.440152,-0.6910,-1.9591,-1.6404,2.65
21.444455,-0.1604,-2.7074,-1.4764,3.09
21.459782,-0.1472,-3.3194,-2.3839,4.09
21.460692,-0.7573,-3.8401,-3.2013,5.06
21.474197,-1.3607,-4.6605,-3.1069,5.76
21.489667,-2.8343,-5.1941,-2.5949,6.46
21.493686,-3.1766,-5.6285,-2.5446,6.95
21.506424,-2.5081,-7.1732,-1.8575,7.82
21.523153,-6.0789,-3.2866,-0.2762,6.92
21.524755,-5.5299,-3.0394,1.5181,6.49
21.540641,-2.9557,-4.7139,-0.0708,5.56
21.547601,-4.1086,-3.3237,-3.3942,6.28
21.558203,-6.4009,-1.1305,-8.9129,11.03
21.564936,-0.6308,-3.8918,-3.8107,5.48
21.574737,0.0552,-3.7130,-0.7536,3.79
21.581160,-1.9168,-3.1564,0.5559,3.73
21.607701,-5.1668,-1.5136,0.3790,5.40
21.608207,-5.2200,-0.5206,0.3988,5.26
21.625709,-1.8001,0.0743,1.2696,2.20
21.626150,-0.1076,-0.1963,1.7773,1.79
21.652712,0.2155,-0.1238,2.3833,2.40
21.677133,0.9305,1.1980,-2.3574,2.80
21.677625,1.1307,1.3814,-3.3468,3.79
21.699599,1.1274,1.4966,-4.1391,4.54
21.700069,1.2339,1.3885,-4.3446,4.72
21.715512,1.2014,1.0725,-4.3319,4.62
21.716048,0.5165,0.9387,-4.8662,4.98
21.730821,-0.9299,0.7709,-5.5716,5.70
21.758831,-0.8308,-0.4533,-3.1687,3.31
21.778315,-0.1550,-3.3894,3.9574,5.21
21.778876,0.0158,-3.3130,5.0495,6.04
21.797733,0.4568,-3.1628,5.0502,5.98
21.815176,0.3370,-0.1588,1.2488,1.30
21.815722,-0.0654,0.6078,0.5371,0.81
21.835906,-0.4127,0.7507,0.3700,0.93
21.836341,-0.4209,0.7678,-0.7175,1.13
21.850450,-0.0440,0.4567,-2.5031,2.54
21.850899,-0.2586,0.3577,-3.5501,3.58
21.864779,0.0405,0.2952,-4.7589,4.77
21.878985,-0.9811,0.6404,-4.9614,5.10
21.879569,-1.9762,1.2541,-3.7463,4.42
21.895489,-1.5587,1.6107,-1.0024,2.46
21.909661,0.5920,0.4421,0.4848,0.88
21.910168,1.4330,-0.7074,1.9349,2.51
21.924031,0.8008,-1.2443,3.5964,3.89
21.942503,-0.4960,-0.5178,2.7406,2.83
21.943044,-0.4924,-0.7009,1.6497,1.86
21.958247,-0.8028,-0.8247,1.0483,1.56
21.958700,-0.9105,-0.8178,0.5874,1.36
21.972722,-1.0955,-0.9333,0.0881,1.44
21.995092,-1.1593,-1.5743,-0.8513,2.13
21.995663,-1.9895,-1.3641,-0.8969,2.57
22.010896,-0.9184,-1.2236,-1.6119,2.22
22.011447,-0.1551,-1.1475,-1.8640,2.19
22.026140,-0.9098,-1.0074,-0.7866,1.57
22.030542,-1.0636,-0.8383,-0.7396,1.54
22.040467,-0.6069,-0.6952,-1.3948,1.67
22.055077,0.5229,-0.6058,-2.9156,3.02
22.062378,-0.1423,-0.8024,-3.2775,3.38
22.072143,-1.5100,-0.9125,-2.6960,3.22
22.089491,-2.1971,-2.3030,-1.0776,3.36
22.094316,-2.4567,-2.6494,0.4644,3.64
22.105621,-1.1127,-3.0077,0.9892,3.36
22.110388,0.2872,-3.0967,1.2948,3.37
22.122018,0.5518,-2.7090,1.6207,3.20
22.138446,0.1742,-1.5435,0.0841,1.56
22.142453,0.2832,-1.2951,-0.0127,1.33
22.155393,1.8650,-0.6617,-0.4742,2.03
22.171845,1.8763,1.2571,-1.7977,2.89
22.174571,1.6880,1.9736,-2.5376,3.63
22.188624,1.9311,2.0959,-2.7647,3.97
22.190842,2.0674,2.1925,-2.5128,3.92
22.204948,1.6526,2.4165,-2.8374,4.08
22.222445,1.6467,2.6723,-1.4356,3.45
22.223139,1.2299,1.6917,-1.6620,2.67
22.239502,0.1842,0.9287,-1.1819,1.51
22.239984,-1.8948,0.7852,0.3292,2.08
22.255510,-0.5383,0.1657,0.8947,1.06
22.262822,-0.2650,0.2129,1.0069,1.06
22.271955,-0.2106,-0.0145,0.6597,0.69
22.278956,-0.4045,0.2650,0.4192,0.64
22.294995,0.2752,0.4867,-0.5418,0.78
22.305118,-0.2743,0.5145,-0.8679,1.05
22.311042,-1.1000,0.2628,-1.5749,1.94
22.322500,-1.2391,-0.4194,-1.8143,2.24
22.340829,-0.1496,-1.1357,-1.3476,1.77
22.343953,-0.1060,-1.2066,-1.1859,1.70
22.356210,0.1372,-1.6143,-0.3143,1.65
22.359616,-0.3863,-1.5781,0.0382,1.63
22.372868,-1.0418,-1.4297,-0.0426,1.77
22.397112,0.6744,-1.2638,0.6544,1.57
22.397642,0.7233,-0.7017,1.2556,1.61
22.411625,1.0020,-0.2748,0.7788,1.30
22.412091,1.0765,0.2237,0.1166,1.11
22.426371,1.1223,0.7362,-0.4509,1.42
22.440832,0.6648,1.7763,-0.7902,2.05
22.441276,-0.0542,1.5699,-0.7187,1.73
22.455548,0.2320,0.9660,-0.5416,1.13
22.463671,-1.0347,0.3927,0.7212,1.32
22.472436,-1.1785,0.0536,0.9946,1.54
22.479673,-0.0809,-0.5004,0.0487,0.51
22.495720,0.6949,0.5210,-0.7889,1.17
22.505453,0.8182,0.5038,-0.4532,1.06
22.511677,0.9672,0.7987,-0.8196,1.50
22.521950,1.1321,0.8005,-0.8388,1.62
22.537994,0.6998,0.5596,-0.4451,1.00
22.544000,0.2800,0.1891,-0.2741,0.44
22.555507,0.0093,0.1071,-0.4107,0.42
22.560143,-0.2617,0.0669,-0.4942,0.56
22.571548,-0.4981,-0.0414,-0.0219,0.50
22.587999,-0.7524,0.0828,0.1281,0.77
22.592139,-0.7129,0.0346,0.0382,0.71
22.605165,-0.4789,-0.0451,-0.2009,0.52
22.621283,0.0131,0.0349,-0.0814,0.09
22.624702,0.0806,0.1277,-0.1078,0.19
22.637986,0.3540,0.0778,-0.0232,0.36
22.640548,0.6215,0.1309,-0.1145,0.65
22.654486,0.7201,0.1083,-0.0887,0.73
22.671219,0.5083,-0.3197,0.5288,0.80
22.672621,0.0961,-0.3446,0.3732,0.52
22.688869,-0.2373,-0.2159,0.0419,0.32
22.689329,-0.4299,-0.5289,0.1350,0.69
22.705072,-0.5016,-0.4282,-0.8309,1.06
22.716421,-0.6596,-0.2388,-0.9687,1.20
22.725114,-0.6289,-0.0702,-1.0615,1.24
22.728767,-0.5325,-0.0013,-0.7281,0.90
22.739928,-0.3267,0.1530,-0.3076,0.47
22.757959,0.1214,0.1670,-0.0868,0.22
22.760504,0.2265,-0.0315,0.0988,0.25
22.774765,0.3150,-0.2378,0.3331,0.52
22.786307,0.3123,-0.4149,0.4212,0.67
22.792371,0.0947,-0.1437,0.5564,0.58
22.802632,0.2809,0.0451,0.4360,0.52
22.820452,0.3406,-0.0521,-0.2363,0.42
